url_id,total_meters,floor,floors_count,district,price
301252113,35.2,8,12,Кунцево,13900000
298431842,30.0,1,5,Донской,6500000
296922118,44.0,13,15,Нагатинский затон,25490000
300593992,36.0,4,12,Царицыно,11950000
301023405,37.0,7,9,Кузьминки,12000000
301036854,36.0,3,23,Лефортово,16790000
300993993,30.0,1,9,Ивановское,7950000
301144101,37.3,2,16,Строгино,13499900
299854482,30.0,9,52,Хорошево-Мневники,17200000
301086170,28.1,2,5,Нижегородский,8700000
299860953,40.5,9,41,Хорошевский,27000000
293760838,42.4,18,48,Хорошево-Мневники,19900000
300393119,46.0,10,12,Филевский парк,18200000
300615956,42.0,2,20,Орехово-Борисово Южное,17900000
301143981,36.0,13,16,Северное Медведково,9750000
299147351,31.0,3,8,Таганский,11790000
298873799,43.0,34,58,Хорошево-Мневники,23999999
300791352,35.8,2,12,Академический,11499999
294768332,39.3,4,6,Хорошевский,15500000
299463560,36.1,8,10,Даниловский,22500000
300501002,35.0,3,12,Западное Дегунино,10100000
300647536,38.7,4,12,Нагатино-Садовники,13000000
298376026,37.5,15,30,Южнопортовый,14500000
300775907,32.7,4,9,Теплый Стан,10000000
300505732,33.2,5,12,Нагорный,11800000
299554905,30.7,5,5,Донской,13200000
300507880,36.3,5,29,Богородское,13600000
299383210,38.6,11,12,Нижегородский,14350000
293522718,33.7,3,9,,7700000
299635004,37.8,16,17,,8700000
295758505,32.8,6,9,Печатники,8900000
300313530,41.6,12,17,Косино-Ухтомский,8900000
299740960,34.6,15,17,Ясенево,9000000
298065569,34.9,8,12,Дмитровский,9000000
299776431,38.7,12,12,Орехово-Борисово Южное,9300000
297263854,38.3,2,14,Южное Бутово,9300000
298520114,39.0,9,12,Марьино,9380000
297048212,37.8,5,12,Некрасовка,9400000
301129606,17.9,1,5,Соколиная гора,9600000
301026477,35.0,3,12,Марьино,9700000
301181308,31.4,2,2,Текстильщики,9800000
300967755,28.7,2,2,Текстильщики,9990000
299469625,38.0,8,17,Северное Бутово,10000000
301157475,30.0,5,5,Хорошевский,10100000
300683935,32.0,2,9,Тропарево-Никулино,10200000
300962482,33.0,5,14,Алексеевский,11999000
300798228,38.3,11,12,Дмитровский,13100000
300664356,36.0,11,14,Новогиреево,8599999
299722483,26.8,6,13,Таганский,10300000
300400527,31.0,3,5,,8490000
298285470,38.2,16,23,,12990000
294760157,20.3,5,16,Очаково-Матвеевское,7000000
301182335,23.4,2,9,Головинский,8200000
300889564,40.6,12,16,Можайский,19000000
301217296,37.2,3,16,Строгино,12500000
298527999,38.7,3,9,Перово,10500000
300557795,35.0,5,12,Войковский,14490000
298984231,38.6,15,22,Чертаново Центральное,12500000
297902239,37.5,13,16,Бибирево,10300000
293304663,31.1,2,8,Замоскворечье,13600000
295294075,35.2,6,12,Преображенское,10500000
294267082,38.1,7,17,Чертаново Северное,10990000
294726824,33.3,4,5,Алексеевский,10950000
300725362,35.0,8,9,Северное Тушино,10490000
301215426,32.5,1,9,Марьино,7600000
297727983,46.3,25,25,Левобережный,15500000
300895436,27.6,7,12,Матушкино,6950000
294038293,43.5,11,24,Нижегородский,14300000
298016918,30.3,3,9,Люблино,6825000
301148981,33.0,7,9,Строгино,12000000
294451528,38.0,9,17,Южное Бутово,10500000
301187371,39.6,11,12,Марьино,11000000
294258749,37.9,12,17,Братеево,12000000
300071808,51.4,4,5,Рязанский,11800000
299575784,25.2,8,9,Головинский,9000000
299942586,42.0,18,21,Очаково-Матвеевское,15600000
300775267,40.0,24,30,Лефортово,17990000
282804238,38.1,12,17,мкр. Град Московский,8700000
299744002,30.3,4,5,Хамовники,23000000
299893948,38.9,5,16,Отрадное,11300000
299373811,38.0,12,14,Лосиноостровский,8990000
299943786,42.5,18,25,Очаково-Матвеевское,16950000
301042896,39.1,21,29,Покровское-Стрешнево,17700000
291263455,24.1,1,14,Солнцево,5880000
300065800,42.0,19,47,Хорошево-Мневники,23900000
300614822,40.0,11,12,Хорошево-Мневники,14500000
296022826,30.0,1,8,Ростокино,9990000
301289422,37.6,10,20,Филевский парк,23500000
299652109,31.5,4,9,Выхино-Жулебино,8150000
300867223,36.5,1,24,Люблино,10100000
299198123,43.5,9,46,Хорошево-Мневники,23000000
299055856,33.6,2,9,Мещанский,15500000
299174112,34.4,22,33,Хорошево-Мневники,18800000
300889696,36.19,10,22,Западное Дегунино,14100000
301054610,19.2,1,5,Таганский,5820000
294926126,26.8,4,9,Люблино,6182125
297368415,43.8,30,32,Бутырский,16950000
300930286,42.0,1,22,Зябликово,9600000
299789518,26.9,6,9,Люблино,6507900
295766411,35.3,9,9,Люблино,8977500
301218140,38.0,15,31,Можайский,19500000
296746930,34.9,1,9,Люблино,6854250
296746996,35.1,9,9,Люблино,7220000
301063006,39.0,10,16,Ярославский,9000000
298016388,29.8,1,9,Люблино,6370000
298016618,36.1,4,9,Люблино,9120000
301136222,9.6,2,6,Северное Измайлово,3190000
294228710,37.0,8,9,Люблино,9215000
294926973,36.9,7,9,Люблино,9215000
301257645,31.0,2,5,Останкинский,11000000
296747241,36.0,4,9,Люблино,9120000
294226529,36.1,5,9,Люблино,9120000
300485094,31.7,9,9,Раменки,10950000
297465291,36.3,7,9,Люблино,9215000
295766589,35.9,9,9,Люблино,9072500
301127027,29.9,9,9,Богородское,12500000
298882717,36.5,9,9,Люблино,9215000
298939258,32.0,6,15,Хорошевский,15400000
300835111,22.1,5,32,Хорошево-Мневники,13700000
299486441,41.15,6,12,Нагатинский затон,13400000
298733986,56.7,8,22,Лосиноостровский,14400000
299499224,30.0,2,14,,7600000
299979503,34.2,4,9,Восточное Дегунино,11390000
300780263,45.2,10,22,Ясенево,13200000
300136053,32.6,3,9,Восточное Измайлово,9800000
298396811,36.1,24,38,Бутырский,15900000
300812067,36.2,8,17,Тверской,27000000
300045498,36.8,11,16,Таганский,15299000
296468472,40.3,13,16,,8400000
300901025,43.0,10,17,Южное Бутово,7700000
297062106,34.1,2,9,Красносельский,21190000
299188084,37.0,11,13,Десеновское поселение,8550000
299945077,36.9,13,18,Марьино,9900000
300307846,46.3,3,18,Черемушки,18500000
292414373,14.3,16,22,Тропарево-Никулино,7450000
298169068,36.2,6,25,Митино,10950000
300943049,42.0,20,21,Сокольники,15600000
298908878,41.0,17,17,,10600000
301011380,34.5,7,12,Щукино,12500000
294621795,19.6,12,22,Тропарево-Никулино,7900000
300938234,30.0,2,2,Текстильщики,10500000
295974920,18.0,8,10,Выхино-Жулебино,6700000
300140948,44.0,11,20,Левобережный,22500000
292542632,21.3,11,22,Тропарево-Никулино,9200000
297433458,38.6,3,17,Косино-Ухтомский,8500000
298734128,47.8,22,23,Чертаново Южное,20500000
298839224,41.0,12,28,Покровское-Стрешнево,18500000
301164222,35.4,6,12,Новогиреево,10500000
300858701,17.3,6,22,Тропарево-Никулино,8590000
300938238,29.3,2,2,Текстильщики,10500000
298942364,31.0,6,16,,6800000
294623881,20.8,6,22,Тропарево-Никулино,8950000
295014010,17.3,6,22,Тропарево-Никулино,8590000
300162521,32.0,2,5,Выхино-Жулебино,8800000
293718260,43.0,5,6,Беговой,27999000
300822403,19.4,22,22,Тропарево-Никулино,8880000
299257847,32.0,5,5,Перово,8700000
299873259,20.3,15,22,Тропарево-Никулино,9243500
298843352,17.6,13,22,Тропарево-Никулино,8600000
300664967,36.0,9,9,Кунцево,13990000
295995479,44.0,2,27,Хорошевский,20590000
299579932,45.0,4,14,Раменки,26000000
300133799,35.0,9,9,Зюзино,11990000
300094228,17.3,15,22,Тропарево-Никулино,8900000
267693639,41.0,7,12,,10900000
299360335,30.0,5,27,Лефортово,14500000
300540943,32.1,4,15,Хорошевский,18000000
301109652,39.0,10,14,Можайский,12750000
298396939,41.5,21,42,Котловка,20500000
298556528,34.9,2,14,Можайский,10900000
298583239,36.0,13,16,Чертаново Южное,9640000
300708535,31.8,9,34,Очаково-Матвеевское,14550000
300540938,30.2,4,15,Хорошевский,17500000
300135811,33.0,7,8,Южнопортовый,13500000
299110205,39.8,7,11,Басманный,24950000
300883239,28.1,5,27,Лефортово,14580000
300943823,37.2,15,16,Зябликово,12200000
300622309,36.2,5,27,Очаково-Матвеевское,17150000
299343814,42.0,2,23,Рязанский,11950000
301163003,37.9,4,17,Северное Бутово,9800000
297215041,38.7,13,14,Таганский,18300000
299397196,38.0,3,9,Раменки,13500000
299436862,34.8,7,9,,7930000
296064946,40.6,6,29,Хорошево-Мневники,24700000
297496947,36.6,7,30,Хорошево-Мневники,21800000
299562651,40.0,11,14,Люблино,9000000
301189223,42.0,8,9,Ярославский,9900000
301081242,38.0,11,19,Марьино,10250000
301122759,40.0,5,17,,8500000
301251956,37.9,22,24,,9750000
301233022,33.0,11,12,Раменки,14100000
300833245,43.9,1,16,Ховрино,14500000
299203876,35.0,2,10,Ростокино,13500000
301156926,25.5,4,9,Хорошево-Мневники,10700000
300832068,41.7,5,26,Лефортово,18490000
300031502,34.0,21,21,,11250000
298357242,20.2,3,5,Марфино,5099999
297066948,44.0,4,4,Соколиная гора,11950000
298274016,37.6,11,17,,10800000
299656583,37.2,16,17,Бирюлево Восточное,9200000
299963312,38.6,8,24,Метрогородок,13750000
300664236,42.9,14,47,Хорошево-Мневники,18000000
300839361,32.8,8,9,Лосиноостровский,8800000
299397194,45.0,17,19,Черемушки,12300000
300989405,33.0,6,9,Сокольники,14900000
300595799,38.0,8,27,Лефортово,18900000
301111364,31.5,2,5,Метрогородок,10250000
298169363,40.0,2,11,Останкинский,24800000
300583980,31.2,3,16,,10000000
300157559,34.0,8,9,Северное Измайлово,10750000
299203398,40.9,6,18,Академический,17400000
300098216,33.1,5,9,Восточное Дегунино,10190000
293823518,29.8,6,6,Восточное Измайлово,5699000
298204489,33.0,14,16,,8800000
298414628,38.0,12,12,Северное Тушино,12999999
301185504,40.0,8,17,Марфино,13000000
300146314,41.0,15,22,Ново-Переделкино,9900000
301279667,30.0,20,31,Марфино,14950000
301150654,38.0,8,17,Москворечье-Сабурово,10300000
301102672,36.0,4,22,,11400000
301169136,43.4,13,19,,10500000
299565654,34.0,5,9,Северное Измайлово,8680000
299800501,57.4,23,25,Покровское-Стрешнево,13930000
300849956,40.0,7,19,Покровское-Стрешнево,18400000
301131179,38.7,3,12,Бибирево,10500000
301214752,26.6,6,31,Марфино,13500000
295677601,39.3,12,14,Перово,11900000
301108336,38.0,17,17,Западное Дегунино,9700000
297511312,42.0,9,48,Хорошево-Мневники,24200000
298572994,37.5,5,14,Котловка,12500000
298068780,52.7,5,7,Басманный,19250000
299329406,30.0,5,5,Перово,10000000
298195100,38.8,10,12,,9500000
299553350,35.0,4,12,Рязанский,9700000
298260764,42.0,15,17,Кузьминки,13300000
279125910,33.0,6,15,Хорошевский,17000000
298868538,29.6,1,5,Покровское-Стрешнево,8590000
300833061,43.7,2,14,Лефортово,19990000
299979419,40.0,2,16,Северное Тушино,10890000
299772602,46.0,29,29,Нижегородский,16500000
300197626,32.2,7,9,Чертаново Южное,12400000
301035602,38.6,29,33,Дмитровский,12700000
298515828,40.0,17,20,,13350000
297908781,35.5,2,10,Академический,12850000
298982026,34.8,6,16,Дмитровский,13500000
296361605,46.4,11,34,Обручевский,19990000
297150066,63.0,6,24,Крылатское,21800000
299202447,37.4,9,31,Раменки,23000000
297944362,38.0,8,14,,11350000
298527239,37.0,13,17,Ростокино,14000000
301003683,31.8,5,5,Хорошево-Мневники,14500000
300458799,36.7,1,17,Западное Дегунино,10800000
299609970,47.7,1,9,Кунцево,21586085
297245626,47.0,2,32,Хорошево-Мневники,21950000
298273992,38.1,2,15,,8500000
300741487,35.0,10,12,Метрогородок,8350000
298794106,19.1,7,7,Марьина роща,7490000
298373539,31.7,6,14,,8400000
298213083,41.8,2,3,,8500000
301039593,32.6,3,4,,7300000
300373282,40.1,6,17,Ново-Переделкино,11300000
300309603,37.7,1,17,Коньково,11500000
297248362,35.0,2,5,,4500000
299744045,35.0,3,5,Коптево,11500000
301036306,38.0,8,9,Лосиноостровский,11590000
300925449,51.4,7,9,Кунцево,26823964
300605973,32.3,15,15,,9700000
300110671,37.7,7,27,Очаково-Матвеевское,18700000
301175786,34.0,6,28,Лефортово,18990000
300779111,38.0,14,17,Южное Медведково,10500000
299592914,37.6,37,62,Хорошево-Мневники,18500000
297298638,38.0,11,23,Хорошево-Мневники,20200000
301249569,34.5,3,5,Котловка,11200000
300190621,34.9,10,14,,7850000
299132838,40.0,3,23,Измайлово,12400000
300333477,35.0,3,16,Митино,10700000
301120308,38.0,8,9,Лосиноостровский,11590000
300485113,38.3,9,16,Ярославский,8700000
300865793,44.0,7,8,Солнцево,12450000
301260551,30.0,4,9,Левобережный,9650000
301074815,25.5,4,9,Хорошево-Мневники,10700000
300986067,33.0,4,5,Богородское,9900000
291997496,38.3,5,13,,8200000
300463313,44.0,9,27,Хорошевский,24000000
301185262,38.3,12,17,Некрасовка,8100000
297937991,40.6,4,12,Косино-Ухтомский,9500000
298009513,38.5,22,22,Крылатское,19000000
299233130,35.5,7,9,,7290000
299928892,39.8,6,24,Рязанский,14100000
298251566,34.2,3,13,,7290000
299798021,31.0,2,9,Соколиная гора,9300000
298375955,32.5,8,9,Бескудниковский,9999000
301081025,40.2,9,25,,13450000
301207400,41.8,19,22,Марьино,12500000
298036066,39.1,1,12,Восточное Дегунино,9400000
294670793,38.0,9,25,Хорошево-Мневники,18600000
295181332,42.0,16,25,Раменки,14500000
300110674,45.0,19,29,Очаково-Матвеевское,16490000
298169285,32.1,1,9,Обручевский,10500000
300692309,33.6,1,14,Щукино,10800000
300472192,43.0,5,27,Хорошевский,22000000
298801000,37.8,16,17,,9850000
300253722,31.0,2,5,,8160000
300113747,37.4,20,30,Можайский,15950000
300924078,35.4,1,9,Кунцево,18204388
300870617,32.0,2,9,Кунцево,11250000
297594962,34.0,13,16,,9500000
296463328,50.9,4,9,Кунцево,25772271
300365708,39.5,10,16,Строгино,13300000
300925204,55.1,5,9,Кунцево,28278181
301036468,36.0,3,16,Митино,10700000
301122947,38.6,4,14,Можайский,9150000
300127778,33.0,4,5,Академический,12000000
301133638,45.0,3,48,Бутырский,20000000
300441809,36.0,7,14,,10350000
300329735,40.0,1,14,Марьина роща,15800000
301246304,0.5,3,12,Строгино,11200000
299048440,36.0,6,12,Выхино-Жулебино,8900000
300743586,34.0,12,33,Западное Дегунино,11500000
300448810,38.0,14,14,Косино-Ухтомский,9100000
301179353,42.0,15,25,Нижегородский,17950000
287487167,33.0,4,9,Ярославский,9300000
301063688,32.5,5,9,Зябликово,9100000
299752452,39.0,1,4,,4800000
300695623,42.0,5,14,Хамовники,23400000
296836592,33.0,8,12,Мещанский,18900000
300980632,33.0,9,9,Коньково,13490000
300564827,35.4,13,16,Донской,12500000
300282132,37.4,3,14,Южное Бутово,9490000
295649148,18.9,3,3,Басманный,5570000
300670903,35.9,7,9,Хорошево-Мневники,12500000
301158947,37.9,4,17,Северное Бутово,9800000
299881508,37.6,6,17,Марьино,9500000
300009662,38.0,15,16,Отрадное,10200000
301185342,25.8,15,16,Проспект Вернадского,14400000
300857379,42.5,2,14,,8400000
289977915,50.3,14,17,Косино-Ухтомский,11900000
297827625,49.0,20,23,Можайский,25200000
300884409,32.9,7,9,Вешняки,8900000
297967528,38.0,15,19,Северный,12500000
300122976,41.0,8,14,Печатники,12590000
295977963,39.2,1,12,Ивановское,8450000
301201023,36.7,10,17,Москворечье-Сабурово,11300000
298907853,39.1,5,9,Алексеевский,13600000
301184187,28.0,12,41,Раменки,16200000
296556180,31.0,5,5,Дорогомилово,14900000
296562644,41.2,7,14,Чертаново Северное,10600000
299719558,38.9,2,12,Свиблово,11500000
300134950,32.0,1,17,Царицыно,8100000
301075684,35.0,4,12,Выхино-Жулебино,11200000
300297108,34.0,21,22,Хорошевский,17000000
301271454,35.0,14,16,Теплый Стан,11500000
300281735,37.0,10,17,Царицыно,9730000
300974350,38.5,8,21,Хорошево-Мневники,14650000
298908066,28.0,1,17,,6200000
288041113,10.1,3,6,Чертаново Северное,4650000
299928314,38.3,2,17,Солнцево,10500000
300882682,37.7,12,17,Ново-Переделкино,10000000
298569707,36.6,11,14,Южное Бутово,8950000
299938068,37.9,14,17,Братеево,10450000
298645710,29.0,14,22,Хорошево-Мневники,12200000
300059358,33.1,1,9,Можайский,8550000
298397251,37.0,17,17,,10620000
300622311,49.7,3,8,Лефортово,15950000
298111008,12.5,1,2,Басманный,6875000
300305254,37.9,2,31,Богородское,17950000
299253528,31.0,5,9,Филевский парк,13600000
300135242,34.0,9,9,Филевский парк,14800000
299792701,38.4,3,14,Братеево,10500000
297034119,36.0,14,18,,9400000
300443388,40.0,3,6,Щукино,18000000
301165914,49.0,7,24,Хорошево-Мневники,23000000
294230460,23.1,2,3,Головинский,5699999
300441246,38.64,22,30,Головинский,18400000
300499412,41.5,13,21,Хорошево-Мневники,15375000
300797878,34.83,3,5,Котловка,10500000
300843943,36.2,6,33,Нижегородский,12400000
296195090,34.0,16,17,Бирюлево Восточное,8987654
300594074,35.0,3,12,Западное Дегунино,10100000
300246632,47.0,18,22,Ивановское,12500000
297661462,36.0,23,25,Фили-Давыдково,17600000
300914311,45.8,4,5,,4400000
294476646,31.0,3,5,Пресненский,19800000
299095001,18.8,1,5,Таганский,5760000
300992097,33.0,6,9,Таганский,15600000
299563667,38.4,15,17,Войковский,17900000
299732160,39.7,8,9,Перово,10850000
300617206,30.5,2,5,Тимирязевский,10500000
300529475,41.4,13,14,Северное Бутово,11500000
296989997,37.0,2,22,Западное Дегунино,17500000
298296311,37.1,13,17,Митино,10600000
298743351,30.0,5,5,Войковский,10500000
300023160,54.3,2,18,Измайлово,26999000
301293129,32.5,5,9,Кунцево,10000000
295529312,27.0,4,5,Тверской,24700000
300069031,51.0,18,32,Хорошевский,26000000
301265036,46.0,4,25,Покровское-Стрешнево,21800000
299093726,39.9,4,4,Южное Тушино,11800000
301060517,30.0,6,14,,7000000
299026219,32.9,7,12,Ховрино,9200000
300667031,47.4,19,25,Солнцево,15800000
300225205,35.0,7,9,Замоскворечье,19500000
301277267,49.2,18,23,Тропарево-Никулино,23990000
297130698,36.0,4,5,Марфино,10500000
301234269,32.6,2,9,Чертаново Южное,8990000
296063154,47.6,2,14,Преображенское,21000000
298295575,32.0,7,8,Рязанский,9500000
299962573,34.0,4,5,Алексеевский,11200000
295315041,39.0,6,25,Обручевский,18700000
301038952,31.0,3,16,,10111111
301226797,47.1,2,10,,9700000
300150280,35.2,14,33,Дмитровский,12300000
300531835,45.0,32,46,Хорошево-Мневники,29000000
297731581,34.7,6,16,Восточное Измайлово,9300000
298751825,37.0,5,12,Лефортово,22900000
301184666,45.0,12,22,Тропарево-Никулино,22500000
301228005,32.9,5,9,Ростокино,9600000
299989219,33.8,17,17,Дмитровский,15000000
300892101,37.9,3,17,,11000000
299920319,30.0,2,5,Южное Тушино,9100000
300444378,40.0,14,14,Бутырский,13500000
300873947,35.0,6,7,Таганский,15000000
301277944,32.0,5,9,Черемушки,10900000
278577291,49.5,32,44,Пресненский,28000000
299599495,31.05,2,12,Чертаново Южное,10400000
299958156,34.1,7,13,,10700000
301009650,37.6,18,32,Нижегородский,14850000
300941020,46.3,2,28,Даниловский,18400000
300028690,33.1,4,12,,7500000
297846883,31.5,8,9,Бескудниковский,9300000
300961705,42.1,2,6,Пресненский,22490000
298901375,38.2,12,16,Южное Бутово,7990000
299655895,32.0,2,37,Хорошево-Мневники,18000000
300832689,37.9,11,17,Некрасовка,10400000
299515574,32.5,4,9,Ясенево,8999000
299032300,34.0,1,5,Фили-Давыдково,11100000
301019177,36.0,31,34,Хорошево-Мневники,22000000
301269488,14.0,5,5,Хорошево-Мневники,8500000
300780545,32.0,8,9,Кузьминки,12000000
300573295,44.3,14,27,Щукино,18900000
301269844,31.1,3,5,Даниловский,10950000
300551345,38.8,18,20,Рязанский,15500000
297728662,38.0,1,17,Хорошевский,14300000
300442109,37.7,11,17,,8500000
300100659,37.7,18,18,,13700000
294873379,35.0,1,9,,7450000
300008616,22.0,4,5,Аэропорт,6600000
300269721,45.7,16,42,Котловка,19100000
300992263,44.0,24,24,Северное Бутово,13500000
300504742,33.7,10,19,Крюково,8600000
299343727,38.7,7,9,Кузьминки,12300000
299085185,41.1,21,33,Отрадное,13700000
300616358,38.2,2,9,Раменки,13500000
298526069,34.0,6,36,Хорошево-Мневники,21000000
300964814,35.0,1,4,Соколиная гора,8700000
296077364,43.1,3,25,,10400000
298213552,37.3,2,17,Дмитровский,10600000
299651299,30.8,2,10,,6200000
298254403,42.9,4,33,Останкинский,23900000
301065726,38.0,9,17,Можайский,21600000
296521470,32.6,4,9,Орехово-Борисово Южное,8700000
299426713,37.8,11,17,Солнцево,11300000
297590857,42.6,2,3,,10500000
298146793,38.7,8,12,Митино,10500000
299207021,47.2,2,31,Раменки,27379000
288873310,42.0,8,23,Южное Бутово,12300000
300507836,43.5,2,3,,9200000
298677787,34.0,4,24,Красносельский,25800000
300419481,35.2,2,12,Коптево,11599000
296314144,33.2,8,9,Чертаново Северное,9500000
301045101,33.5,19,32,Нижегородский,15000000
296147935,55.0,20,22,Зюзино,26900000
295105993,38.0,6,16,Восточное Дегунино,10990000
300435168,30.0,3,5,Преображенское,11700000
299063844,45.2,3,30,Южнопортовый,15700000
301036488,33.9,9,9,Можайский,12700000
300206672,35.4,9,19,Солнцево,16800000
300520887,30.0,6,9,Люблино,9499000
300658108,31.7,19,33,Хорошево-Мневники,17190000
295466321,48.7,2,8,Раменки,22700000
300778498,39.2,8,12,Бибирево,10200000
297788340,43.0,6,11,Останкинский,25000000
298883263,39.9,8,25,,12350000
300500947,38.2,3,17,,8000000
299923856,42.7,9,14,,10500000
300377102,38.7,4,9,Перово,10850000
299239430,40.2,3,14,Савёлки,8250000
295987840,39.0,4,16,Лефортово,12900000
286542367,42.0,13,42,Хорошевский,27500000
300500250,37.0,1,19,,10800000
300611928,34.6,5,12,Фили-Давыдково,13590000
295351501,33.0,3,10,,8400000
300836554,36.9,6,17,,9700000
294163998,38.8,12,14,Южнопортовый,14050000
290548792,47.0,2,7,,7400000
295041726,43.1,1,9,,6450000
287360850,56.0,26,31,Южное Бутово,17000000
295022763,43.7,7,15,,10300000
298369793,42.0,23,25,,10000000
299341005,38.0,1,17,Митино,11400000
300421016,38.7,19,19,,8999999
300072032,35.0,11,12,Рязанский,9100000
301120641,40.1,7,14,Даниловский,20000000
298337933,42.2,13,17,Крюково,12000000
296082953,32.8,15,36,Хорошево-Мневники,22960000
300698958,40.3,11,15,Раменки,23300000
301175732,42.3,9,22,Даниловский,23500000
300027182,40.0,38,40,Даниловский,23500000
299796767,46.0,11,26,Очаково-Матвеевское,25700000
293088942,49.7,13,18,Даниловский,29999999
294441452,30.0,12,14,,9100000
299292668,38.9,3,14,Люблино,10900000
297312651,38.3,2,28,Хорошево-Мневники,21000000
300393733,37.4,17,17,Западное Дегунино,8950000
297834914,38.3,2,19,Некрасовка,10600000
300596893,36.0,8,13,,10900000
299192098,36.7,24,25,Митино,11000000
300197306,36.0,11,33,Нижегородский,14500000
300936684,33.7,9,9,Коньково,10780000
296403474,38.3,24,28,Хорошево-Мневники,22000000
295760765,37.6,37,53,Хорошево-Мневники,18600000
299876210,32.7,12,12,Можайский,9700000
294906403,35.6,1,12,Орехово-Борисово Южное,9600000
300094894,40.8,2,30,Хорошево-Мневники,21000000
298111522,32.4,4,9,Лефортово,11300000
298268445,38.3,9,25,,11000000
297951595,37.0,17,19,Гагаринский,29900000
298975287,33.9,8,22,Покровское-Стрешнево,9499000
299883785,40.7,3,11,Раменки,21990000
298355887,39.6,11,17,,10200000
299340897,43.0,7,19,,8990000
300298041,38.7,15,21,Ново-Переделкино,9900000
300332458,30.0,1,8,Ломоносовский,11900000
296779707,47.0,2,8,Беговой,29450000
297872617,33.1,3,25,Метрогородок,11000000
298396919,37.1,2,16,,10850000
299523717,41.8,12,48,Хорошево-Мневники,20000000
299241818,35.1,11,12,Тимирязевский,13000000
278244783,39.0,4,4,Пресненский,17300000
300401139,35.9,3,5,Таганский,16350000
300297349,30.0,3,12,,7400000
300953502,48.2,41,51,Обручевский,23000000
289459051,37.5,4,15,Останкинский,17500000
299611997,24.0,9,17,,6900000
300931491,34.7,10,20,Головинский,17500000
298875829,46.4,9,17,Лефортово,21900000
300025080,30.8,15,18,Останкинский,11350000
300978998,37.4,4,4,Мещанский,24310000
299293185,32.0,5,9,Даниловский,13389999
295995285,34.0,13,16,,9500000
295203878,40.1,10,24,Западное Дегунино,15500000
301160767,40.3,11,15,Раменки,23300000
300156073,17.2,2,3,Головинский,5390000
286010224,50.0,6,22,Красносельский,28990000
300432678,43.7,28,32,Черемушки,26618544
295406014,35.5,2,3,,5200000
300650861,26.9,8,14,Раменки,15700000
300935784,27.0,6,14,Раменки,15500000
299609357,34.2,6,17,,7850000
291560782,60.0,2,3,,16500000
288557638,21.0,1,7,Южнопортовый,6089000
300587033,26.0,4,5,Ростокино,8350000
298159475,35.0,3,32,Хорошево-Мневники,19000000
300582533,37.6,1,16,Марьино,8850000
300686032,37.4,3,25,Хорошево-Мневники,22500000
300144570,41.0,10,43,Хорошево-Мневники,21000000
299572625,35.0,1,14,Тимирязевский,10600000
300924490,51.1,3,9,Кунцево,25579638
267135296,30.6,3,16,,8300000
298266261,39.83,2,12,,9400000
301053710,17.9,10,10,Проспект Вернадского,8800000
298555341,39.0,9,17,Крюково,9500000
299284866,37.7,4,14,,11000000
298810967,39.1,12,12,Косино-Ухтомский,9200000
300122592,33.0,11,15,,7650000
297954576,40.9,6,15,,9399000
298981209,38.3,3,14,Южное Бутово,10100000
295415897,37.2,12,22,,10200000
301044987,36.9,4,25,,11100000
298622666,32.2,16,18,Останкинский,8450000
298373961,32.6,4,9,Отрадное,10150000
300007803,32.0,4,5,Алтуфьевский,9800000
300708599,38.3,7,14,,10200000
300026151,31.3,13,18,Останкинский,11290000
299168359,30.0,9,9,Хорошево-Мневники,10900000
300657976,38.9,4,16,,8700000
301036939,39.9,13,14,Ново-Переделкино,10250000
299727429,37.0,5,8,,8500000
299963184,38.5,15,17,Северный,9500000
300410066,30.0,10,18,Останкинский,10600000
293779407,35.0,7,22,,8880000
299567766,38.5,17,17,Ново-Переделкино,9800000
300285703,36.0,3,4,Соколиная гора,10100000
299596942,35.0,1,12,Вешняки,8700000
300779233,39.1,1,12,Восточное Измайлово,9300000
298903692,33.0,9,9,Вешняки,10400000
299934710,41.1,11,16,,10500000
300603146,37.4,1,16,Дмитровский,10900000
297818101,47.7,8,19,,11000000
295734944,38.9,2,12,Бирюлево Восточное,8400000
300035292,38.0,11,17,Марьино,10700000
294674434,35.5,10,14,,8600000
299602126,35.0,5,12,Бирюлево Восточное,8700000
300122542,32.1,8,9,,9000000
300438271,30.2,2,5,Перово,10390000
300754183,38.1,1,15,,10550000
298622113,35.0,1,9,Южное Бутово,9500000
300745193,34.7,6,9,Лианозово,11000000
297283770,35.3,9,9,Люблино,8977500
299889339,33.6,12,17,,10459000
300706310,20.5,12,22,Тропарево-Никулино,9000000
297212254,41.6,13,17,,9350000
298372554,35.5,7,12,Западное Дегунино,11300000
300245535,37.9,16,16,Марьино,11390000
301044462,38.0,2,5,Академический,11400000
300123359,33.0,4,9,Коньково,11300000
300595026,37.0,10,19,,11500000
283607568,32.0,4,5,Филевский парк,11500000
300906901,38.4,4,18,Марьино,11450000
300481264,42.6,9,19,,11450000
299862230,39.0,15,23,Южное Бутово,11499000
299987453,37.7,13,14,Чертаново Южное,11600000
297683894,33.0,4,9,Марьина роща,11650000
300669958,33.1,9,22,Москворечье-Сабурово,11800000
300223216,35.0,12,25,,11900000
300703506,32.0,3,5,Зюзино,11990000
300355036,32.6,7,9,Зюзино,11950000
298488707,39.0,10,24,Метрогородок,12100000
301103601,44.2,15,15,Солнцево,12000000
300794336,39.1,2,14,Северное Бутово,12000000
293574412,35.4,10,17,Ярославский,12100000
298910564,32.5,9,9,Строгино,12150000
299735659,35.0,1,5,Люблино,12200000
298657199,41.0,6,14,Новогиреево,12399000
298496104,32.0,8,9,Обручевский,12400000
298369798,38.4,22,22,Братеево,12400000
301129510,31.0,5,9,Чертаново Южное,12499000
300993722,29.9,2,8,Преображенское,12500000
301080289,49.6,15,17,Северное Бутово,12500000
300199245,38.5,5,9,Северный,12600000
298728706,40.0,7,12,Перово,12500000
299243775,40.0,10,17,,12500000
299034165,31.4,3,9,Таганский,12600000
299963323,38.1,9,10,Нагатино-Садовники,12500000
300809362,33.0,2,9,Нагатинский затон,12500000
298520004,32.1,4,5,Хорошевский,12500000
294755887,39.0,3,14,Нагатинский затон,12500000
299892401,44.0,22,25,Ново-Переделкино,12700000
299151077,36.3,2,16,Ростокино,12700000
299875049,32.9,7,9,Фили-Давыдково,12700000
300985679,32.5,9,9,Строгино,12700000
300265337,36.5,4,16,Филевский парк,12700000
301081795,38.2,15,17,Бескудниковский,12800000
300146036,34.5,5,19,Солнцево,12990000
300584457,30.9,19,31,Нижегородский,12900000
300224325,43.0,15,16,Южное Медведково,12900000
301058308,34.5,10,16,Восточное Измайлово,12990000
300329014,34.6,21,26,Чертаново Южное,12900000
301109609,38.3,10,15,Молжаниновский,13000000
297459492,35.1,13,17,Марьина роща,13000000
301282997,40.5,6,17,Чертаново Северное,13000000
301208193,38.5,16,25,Марьино,13000000
300298152,39.7,16,16,Проспект Вернадского,13250000
297769271,32.2,12,33,Нижегородский,13200000
300396782,32.5,6,9,Черемушки,13150000
299106073,32.7,6,12,Пресненский,13300000
300638308,32.0,2,9,Донской,13300000
298204608,29.8,4,8,Ломоносовский,13500000
300015290,36.0,13,18,Северное Бутово,13500000
299947678,32.0,6,8,Филевский парк,13500000
298755272,39.0,13,16,Котловка,13400000
300522216,41.8,22,22,Соколиная гора,13500000
300846022,37.0,8,9,Черемушки,13450000
301231606,39.0,10,14,Очаково-Матвеевское,13500000
297048981,32.9,5,9,Ломоносовский,13450000
300907203,37.7,15,17,Бескудниковский,13500000
300782277,40.0,5,17,Марьино,13690000
300787335,34.9,5,12,Фили-Давыдково,13590000
296519297,40.0,1,9,,13700000
300984808,35.7,13,21,Хорошево-Мневники,13800000
296405462,40.3,21,24,Нагорный,13850000
300073845,35.7,13,21,Хорошево-Мневники,13890000
299566545,45.0,4,7,Коптево,13900000
301101612,40.2,20,23,Выхино-Жулебино,13800000
300757392,38.8,12,19,Отрадное,13800000
300505567,40.0,7,14,,13900000
300487094,31.7,1,5,Останкинский,14000000
294594280,30.0,21,24,Хорошево-Мневники,14000000
300179831,40.1,2,20,Коньково,13990000
298955947,36.0,4,14,Кунцево,14000000
301203125,38.0,9,30,Южнопортовый,14000000
301066304,40.0,23,33,Гольяново,14100000
301055613,33.0,5,9,Коньково,14100000
298334571,42.7,12,33,Нижегородский,14400000
300402209,25.8,15,16,Проспект Вернадского,14400000
285436606,30.0,10,15,Лефортово,14500000
299183782,37.7,4,17,Крылатское,14500000
297487459,42.0,4,8,Академический,14600000
300846723,32.9,10,10,Проспект Вернадского,14600000
298670679,30.0,3,5,Басманный,14700000
300385847,34.6,5,21,Отрадное,14800000
297396521,40.0,10,12,Хорошево-Мневники,14900000
299560332,41.1,14,26,Нижегородский,14800000
300309475,37.6,1,3,Басманный,14800000
297087775,34.2,24,33,Нижегородский,14900000
300553239,43.7,10,12,Тимирязевский,14850000
300148604,48.0,4,19,Покровское-Стрешнево,14980000
299525163,40.2,4,17,Нагатинский затон,15000000
301174660,35.5,5,17,Таганский,15000000
299990269,35.3,6,12,Академический,14990000
292246301,50.0,12,21,Бабушкинский,15000000
300345102,38.1,23,27,Покровское-Стрешнево,15000000
301189856,48.0,3,18,Отрадное,15000000
277942686,40.0,2,7,Лефортово,15000000
299663457,39.4,14,22,Хорошево-Мневники,15200000
301185329,35.0,5,7,Обручевский,15200000
301253172,33.9,9,21,Сокольники,15300000
297818957,50.0,1,8,,15300000
300600848,38.8,18,20,Рязанский,15500000
298640948,52.3,2,16,Войковский,15500000
296688010,38.0,9,17,Крылатское,15550000
298911432,37.0,13,14,Таганский,15700000
300873918,35.1,12,12,Мещанский,15600000
300251102,35.0,13,17,Хорошево-Мневники,15798137
300774778,38.1,24,25,Строгино,15800000
300654683,37.8,12,17,Филевский парк,15990000
298211391,50.0,15,17,,16300000
292434467,40.0,2,13,Марьина роща,16350000
294110486,31.9,9,9,Марьина роща,16200000
284807257,38.0,11,27,Лефортово,16500000
300372258,31.0,7,9,Дорогомилово,16400000
300610548,36.4,20,39,Западное Дегунино,16900000
298839861,38.0,5,11,Останкинский,17150000
300936184,37.8,10,20,Филевский парк,17300000
299110690,40.7,15,16,Гагаринский,17500000
300739522,38.7,3,41,Раменки,17500000
299433333,35.8,4,10,Алексеевский,17400000
297265242,39.1,3,27,Щукино,17400000
301174514,38.0,7,19,Покровское-Стрешнево,17600000
300799633,36.5,14,18,Головинский,17800000
293478539,42.5,10,34,Обручевский,17990000
300242556,40.4,12,16,Даниловский,17900000
300650119,42.4,17,19,Даниловский,18500000
297730158,35.1,27,30,Южнопортовый,18500000
300252607,47.2,19,22,Черемушки,18833000
299969211,44.7,3,22,Хорошевский,18700000
299548651,46.3,4,29,Даниловский,18990000
295736833,41.7,23,26,Нагорный,18900000
295896231,37.0,5,28,Лефортово,19450000
300709125,33.0,5,9,Дорогомилово,19700000
299845470,38.0,13,31,Можайский,19700000
300176709,49.0,2,29,Даниловский,19990000
297128991,44.6,5,24,Раменки,20000000
298117075,43.0,3,16,Даниловский,20500000
299002987,34.5,3,8,Даниловский,20700000
298697375,35.5,26,33,Хорошево-Мневники,20800000
284708774,39.2,2,29,Даниловский,20900000
280468332,38.6,27,28,Войковский,21000000
299924739,39.7,14,16,Свиблово,21500000
293420284,40.0,6,14,Тверской,21500000
298519482,44.8,6,23,Бутырский,21700000
296937938,48.9,5,9,,22000000
295715281,36.0,18,29,Филевский парк,22000000
298707230,40.0,18,22,Хорошево-Мневники,21900000
300622420,37.0,7,8,Даниловский,21950000
300190758,46.8,28,34,Обручевский,22350000
299284952,37.3,12,31,Раменки,22550000
288093772,45.0,5,18,Филевский парк,22550000
296959546,30.0,3,52,Раменки,23000000
301131065,42.3,9,22,Даниловский,23000000
300878066,32.2,4,9,Якиманка,23300000
300369404,43.0,13,26,Покровское-Стрешнево,23950000
298769395,45.0,3,39,Раменки,24500000
299810301,36.0,15,20,Филевский парк,24500000
300563521,39.0,6,22,Хорошевский,25800000
299466433,37.3,2,13,Раменки,25990000
300914382,50.5,18,22,Хорошево-Мневники,28500000
299005437,40.1,2,40,Хорошевский,29000000
299098459,13.8,1,16,Текстильщики,2120000
299098691,13.1,1,5,Пресненский,3500000
299098694,15.6,1,5,Пресненский,3900000
300522888,15.9,4,5,Перово,3975000
299098689,17.1,1,5,Пресненский,4150000
293949247,81.9,5,5,Даниловский,4300000
301269321,50.4,2,16,Ивановское,5600000
299691408,13.8,2,4,Аэропорт,6100000
297665778,26.8,4,9,Люблино,6182125
299708330,33.0,5,5,,6250000
299877480,41.1,7,12,,6200000
298940093,37.2,2,4,,6300000
300995677,13.4,1,5,Восточное Измайлово,6499999
297665782,29.5,5,9,Люблино,6688500
294762626,24.0,12,14,,6850000
297902607,30.6,6,9,,6900000
297794824,42.3,7,8,,7000000
300484387,35.1,9,9,Люблино,7220000
294390871,28.6,1,4,,7200000
298662291,33.0,5,9,Бирюлево Западное,7500000
299526999,19.0,4,4,Басманный,7550000
300708101,33.0,2,9,Гольяново,7600000
296283974,32.3,1,12,Бирюлево Восточное,7800000
300777163,33.0,3,16,,7750000
294224381,27.0,2,9,Ясенево,7800000
296440583,38.0,1,5,,7800000
296957709,31.0,3,12,,7850000
301264563,39.1,8,14,Крюково,7990000
300526999,34.7,9,12,Бирюлево Восточное,7900000
275891629,39.1,1,12,Бирюлево Восточное,8000000
297046262,35.0,1,12,Бибирево,8000000
283252548,32.0,4,9,Гольяново,8000000
300392821,35.0,10,12,Метрогородок,8350000
300844028,32.8,8,9,Вешняки,8380000
300910623,32.0,3,9,Кузьминки,8400000
301012393,48.0,13,14,,8400000
298606228,33.0,6,6,Марфино,8400000
299098543,41.2,13,18,,8400000
300026900,25.0,2,9,Рязанский,8450000
300280211,39.2,2,5,,8500000
301224949,29.5,1,9,Можайский,8500000
300613718,33.2,12,13,,8500000
300640454,39.2,3,17,,8500000
274992411,38.0,9,17,Десеновское поселение,8500000
293276080,39.2,2,5,,8500000
300255064,33.0,4,9,Бирюлево Западное,8590000
297471229,34.6,9,9,Люблино,8645000
296150165,17.5,12,22,Тропарево-Никулино,8600000
298263575,34.7,8,9,Люблино,8645000
290627963,21.6,3,8,Басманный,8690000
297269769,33.1,8,15,,8700000
294120151,40.1,7,13,,8700000
296173861,31.6,6,9,Северное Измайлово,8740000
300874074,27.0,4,13,,8850000
297493910,38.0,10,14,Южное Бутово,8800000
301087192,29.8,3,9,Ярославский,8800000
299541399,34.3,11,12,Бирюлево Восточное,8800000
301305561,33.0,7,9,Орехово-Борисово Южное,8999999
301205880,30.0,8,9,Северное Измайлово,8950000
297249616,35.5,1,9,Восточное Дегунино,8900000
300789556,33.1,6,9,Теплый Стан,8990000
300737992,37.4,17,17,Западное Дегунино,8950000
300844691,35.3,9,9,Люблино,8977500
300884607,32.0,6,14,,9000000
301121521,35.4,1,12,Измайлово,9000000
300500078,35.9,9,9,Люблино,9072500
294261359,43.0,7,17,,9000000
300912565,32.9,9,9,Северное Бутово,9000000
297719712,34.6,4,9,Южное Медведково,9000000
299341352,37.0,1,12,Южное Бутово,9000000
294105311,40.0,3,16,,9050000
299297601,33.2,1,9,,9000000
299944808,36.0,4,16,Новогиреево,9100000
296531901,42.35,8,12,,9100000
300488501,36.2,7,9,Люблино,9167500
300484401,36.1,5,9,Люблино,9120000
297537768,36.1,4,9,Люблино,9120000
301075784,34.0,4,9,Люблино,9100000
300504180,40.5,7,19,Крюково,9100000
297473076,36.1,4,9,Люблино,9120000
300159130,45.0,11,21,,9100000
298561550,32.8,3,18,Останкинский,9200000
300395814,32.6,9,9,Ясенево,9200000
300423409,34.1,3,16,Текстильщики,9200000
297115762,30.1,3,5,Можайский,9200000
298575629,40.0,17,17,,9200000
297171996,32.8,3,18,Останкинский,9200000
292809252,35.0,6,9,Метрогородок,9200000
298684834,39.0,6,7,,9200000
300932908,32.4,5,9,Чертаново Центральное,9300000
301255257,33.0,7,9,Орехово-Борисово Северное,9250000
299525068,33.0,3,9,Бибирево,9300000
294302570,38.8,5,10,Люблино,9440000
299673031,34.7,8,9,,9350000
300756677,21.6,33,33,Метрогородок,9500000
297245406,35.1,2,12,Дмитровский,9500000
297469292,38.3,14,22,Москворечье-Сабурово,9500000
301173226,39.0,2,16,,9500000
299359436,33.0,5,9,Вешняки,9450000
299190804,37.6,2,17,Западное Дегунино,9500000
263316279,37.7,1,16,Чертаново Центральное,9450000
300795150,32.0,9,9,Ивановское,9500000
301080745,33.4,4,9,Солнцево,9499000
294564571,33.0,1,5,Царицыно,9500000
301130794,29.9,1,5,Преображенское,9600000
299450063,38.0,2,17,Некрасовка,9550000
299621067,32.0,1,5,Котловка,9600000
297560632,37.9,8,22,Северный,9600000
300272864,36.0,5,12,Лианозово,9650000
300430041,36.1,6,9,Ивановское,9700000
299521408,40.0,3,17,,9700000
296830460,26.0,7,30,Южнопортовый,9800000
299884223,40.0,9,16,Гольяново,9800000
300946150,41.4,9,17,Некрасовка,9800000
299567278,38.5,2,16,Братеево,9900000
297902728,38.3,13,18,Люблино,9900000
300401720,32.0,3,9,Бескудниковский,9900000
299447813,41.0,3,19,,9900000
296478167,43.2,11,12,Косино-Ухтомский,9900000
300571407,37.1,1,14,Выхино-Жулебино,9900000
300830028,37.4,16,17,Некрасовка,9920000
265719814,29.6,4,9,Богородское,9850000
301301827,35.8,6,17,Люблино,9999999
299283368,38.6,12,17,Митино,9950000
295014997,35.1,1,9,Южное Медведково,9990000
300822573,34.0,1,12,Бутырский,10000000
300638800,42.0,11,22,,10000000
300304173,40.0,10,17,,10000000
300935419,28.3,10,12,Орехово-Борисово Южное,10000000
300817546,39.0,6,17,,10000000
299685496,26.3,2,9,Лефортово,9999000
301037658,40.0,5,5,Котловка,9950000
301082349,37.0,12,17,,9990000
296044216,38.6,2,14,Восточное Дегунино,9999000
300319803,37.9,8,17,Москворечье-Сабурово,10100000
299635064,38.0,5,14,Новокосино,10100000
298464986,21.1,2,26,Нагатино-Садовники,10100000
300348297,33.0,7,9,Ясенево,10200000
301292568,38.8,17,22,Лосиноостровский,10200000
301198212,37.9,9,14,Марьино,10200000
301301505,32.9,5,5,Лосиноостровский,10300000
299785207,38.0,7,23,Солнцево,10300000
299916899,38.1,15,17,Западное Дегунино,10300000
299098438,41.0,16,24,Косино-Ухтомский,10300000
300385867,31.0,3,9,Чертаново Северное,10300000
298071565,36.1,4,5,Коптево,10400000
301160188,40.0,5,18,Бирюлево Восточное,10399000
300670075,35.2,11,12,Нагорный,10350000
301301831,38.0,2,17,Марьино,10500000
299434408,41.1,11,16,,10500000
300526507,30.2,5,5,Перово,10500000
298191085,37.0,7,12,Бабушкинский,10490000
299491618,36.4,7,9,Чертаново Центральное,10500000
300693446,37.5,2,17,Косино-Ухтомский,10500000
299560983,32.9,3,9,Северное Тушино,10500000
300748373,33.3,1,9,Чертаново Северное,10500000
300472406,38.0,12,17,Западное Дегунино,10500000
298246125,41.8,17,25,,10499990
301185734,38.8,2,12,Перово,10500000
300279567,36.2,16,16,Царицыно,10500000
300742895,36.8,11,25,,10500000
300998578,37.7,9,17,Митино,10500000
300635008,32.7,2,12,Орехово-Борисово Северное,10490000
298702499,47.0,9,17,,10600000
297903478,38.9,5,10,Люблино,10600000
298245633,37.7,3,17,Митино,10600000
298208285,37.0,15,17,Южное Медведково,10700000
300474139,28.0,11,23,,10700000
301102353,32.1,6,10,Раменки,10700000
301231554,36.6,17,22,,10800000
297903422,32.0,2,5,Соколиная гора,10750000
298873227,33.0,2,9,Чертаново Северное,10800000
298275191,39.0,14,17,Люблино,10800000
299543766,38.5,19,22,Можайский,10800000
297883038,40.0,17,24,Косино-Ухтомский,10750000
299098420,36.4,19,22,Орехово-Борисово Северное,10799999
300188888,33.0,8,9,Бибирево,10850000
299923824,41.3,8,25,,10750000
300905486,37.7,1,9,Метрогородок,10800000
293999939,35.0,12,22,,10800000
300833206,34.1,1,12,Черемушки,10900000
301295481,37.7,17,17,Некрасовка,10900000
300615389,37.9,3,17,,10990000
300506812,43.6,8,8,,10950000
300260157,38.5,15,17,,10900000
301111454,46.2,10,18,,10990000
298210842,38.7,11,14,Южное Бутово,11000000
299098702,35.4,2,12,Текстильщики,11000000
300191397,32.0,3,9,Донской,11000000
300340862,31.5,4,9,Бабушкинский,11000000
299027336,37.0,7,16,Чертаново Центральное,11000000
300121348,36.1,2,5,Соколиная гора,11000000
298596946,38.0,17,17,Северное Измайлово,11000000
299362408,36.9,7,19,,11000000
299566754,36.3,3,4,,11000000
299859994,30.8,2,10,Раменки,11100000
299253493,43.2,2,9,,11100000
299971212,30.0,2,8,Богородское,11100000
297903289,40.5,2,16,Чертаново Южное,11200000
297903450,32.0,8,9,Кузьминки,11200000
300055372,38.9,2,14,Марьино,11275000
298549786,30.6,5,5,Сокольники,11200000
295373032,38.0,2,12,Филевский парк,11249999
298158138,36.0,12,12,Черемушки,11200000
293783040,32.5,2,14,Орехово-Борисово Южное,11200000
300838166,42.1,2,12,Южное Бутово,11300000
301181610,38.0,10,17,Москворечье-Сабурово,11300000
301167819,36.0,12,12,Измайлово,11300000
294166690,38.2,14,16,Метрогородок,11400000
300461258,37.9,9,23,Солнцево,11400000
300749553,41.2,13,19,Северный,11300000
279367183,38.1,16,22,Северный,11500000
292880298,36.4,8,14,Покровское-Стрешнево,11500000
301125265,42.6,9,24,Выхино-Жулебино,11500000
300967353,42.4,3,16,Южное Бутово,11500000
300872900,38.0,9,17,Западное Дегунино,11490000
301201442,31.0,8,9,Ясенево,11490000
301070948,40.2,12,24,Южное Бутово,11500000
294398120,35.0,6,12,Зюзино,11600000
300438738,38.0,8,9,Лосиноостровский,11590000
292408397,33.7,5,5,Измайлово,11600000
299151425,45.0,12,17,,11600000
300101223,33.1,9,22,Москворечье-Сабурово,11700000
300981591,32.7,4,9,Отрадное,11700000
300709866,46.5,5,19,,11700000
300918991,39.0,2,12,Строгино,11800000
299944351,38.1,10,17,Москворечье-Сабурово,11900000
300774701,38.0,17,17,Солнцево,11900000
298517117,36.6,2,9,Филевский парк,11990000
300207855,31.7,2,9,Южнопортовый,11900000
301059591,52.6,5,5,Люблино,11900000
299564815,33.12,3,12,Хорошево-Мневники,12000000
297078172,38.0,12,18,Бирюлево Восточное,12100000
299623799,39.0,1,12,Таганский,12000000
300522974,35.0,11,16,Люблино,12000000
298620400,36.6,4,24,Головинский,12000000
300311562,37.0,4,17,Зюзино,12100000
274340854,32.5,5,5,Можайский,12000000
301062122,34.4,3,12,Братеево,12000000
299353261,31.0,9,9,Можайский,12200000
301055695,43.76,2,26,Южное Бутово,12200000
297903066,40.0,3,8,,12300000
297916901,31.9,2,15,Хорошевский,12337000
297903543,35.5,11,12,Тимирязевский,12450000
300252612,38.6,13,22,Северный,12400000
297503793,38.0,5,12,Лосиноостровский,12400000
293417759,34.1,23,24,Марьино,12480000
297478360,36.4,7,12,Ясенево,12500000
299775850,40.0,7,12,Перово,12500000
298054523,40.0,4,14,Восточное Измайлово,12500000
298013712,35.4,5,12,Зюзино,12600000
299660262,37.0,4,13,Бескудниковский,12500000
300691248,34.0,1,13,Сокольники,12500000
300623602,33.0,12,22,Солнцево,12500000
288615642,36.5,7,14,,12500000
300938365,34.1,18,32,Нижегородский,12500000
299673462,36.3,7,14,Северное Медведково,12600000
299990221,41.0,9,9,,12599999
301108021,35.3,5,16,Соколиная гора,12500000
300026923,35.8,9,12,Черемушки,12700000
298298643,40.8,10,16,Новогиреево,12700000
301126679,32.0,5,8,Свиблово,12700000
299733072,38.3,11,19,Чертаново Южное,12700000
299739991,52.4,11,25,,12800000
300468785,40.0,3,12,Чертаново Южное,12800000
297249360,36.0,20,20,Соколиная гора,12800000
300438601,39.2,5,33,Дмитровский,12800000
279590376,52.4,11,25,,12820000
300327603,40.8,6,9,Солнцево,12800000
301139466,41.0,2,22,,12800000
299418867,25.8,16,27,Лефортово,12900000
296830368,38.1,4,13,Покровское-Стрешнево,12900000
300472824,32.5,6,9,Раменки,12900000
300435412,47.0,23,25,Митино,12950000
293551723,40.6,15,15,,12900000
300320366,38.4,2,14,Северное Тушино,13000000
299513278,38.0,17,17,Москворечье-Сабурово,13000000
300053214,40.3,19,33,Западное Дегунино,13000000
299467959,38.7,22,22,Строгино,13000000
299520289,38.0,2,14,Орехово-Борисово Северное,13000000
298273403,32.0,10,17,Тимирязевский,13000000
300111500,40.7,12,26,Нижегородский,13200000
295091947,52.3,14,18,Северное Бутово,13250000
299609347,40.7,12,31,Нижегородский,13200000
300790922,40.8,4,14,Очаково-Матвеевское,13250000
293720037,38.5,10,26,Чертаново Южное,13200000
298436654,33.4,6,6,Южнопортовый,13200000
301195056,38.1,16,17,Орехово-Борисово Северное,13250000
300948938,31.8,2,9,Проспект Вернадского,13300000
301264647,35.1,4,12,Коптево,13300000
300669980,43.1,22,33,Нижегородский,13350000
297987258,27.1,23,26,Лефортово,13300000
300066004,40.0,15,17,Войковский,13490000
300610050,33.0,3,3,Свиблово,13500000
299098407,40.0,8,17,Северное Тушино,13450000
297516131,54.0,4,5,Измайлово,13500000
300961036,40.0,5,16,Ростокино,13500000
300215502,37.6,4,25,Метрогородок,13500000
301124744,29.7,3,5,Филевский парк,13680000
300697006,38.1,2,22,Филевский парк,13590000
300232347,35.0,10,12,Таганский,13600000
299958576,38.0,7,16,Строгино,13650000
298643676,38.8,22,22,Коптево,13700000
299121621,39.1,10,12,Филевский парк,13700000
300670002,28.0,11,29,Лефортово,13700000
301175373,38.0,4,9,Отрадное,13899000
298660144,33.0,3,9,Ростокино,13800000
301063479,44.5,4,17,Печатники,13800000
299298710,37.2,6,14,Алексеевский,13850000
297903554,25.0,10,12,Даниловский,14000000
300933298,37.5,27,33,Рязанский,13990000
299111808,39.0,14,25,Некрасовка,13999000
299693932,36.0,3,9,Даниловский,14000000
301170215,37.8,13,17,Филевский парк,14000000
301080334,36.0,4,12,Аэропорт,14000000
301055293,38.0,9,9,Левобережный,14000000
300497842,36.0,9,12,Марьина роща,13999900
297722022,42.4,2,23,Бабушкинский,14200000
300386735,31.0,3,9,Ломоносовский,14100000
300151987,31.2,7,9,Марьина роща,14150000
294227594,34.6,3,13,Проспект Вернадского,14200000
299781936,36.7,4,19,Солнцево,14350000
300974741,39.0,7,12,Филевский парк,14250000
300660959,38.2,6,9,Нагатино-Садовники,14390000
299945908,42.2,5,22,Дмитровский,14450000
298826127,30.0,10,27,Лефортово,14500000
297819556,34.7,2,17,Отрадное,14400000
298266509,39.0,6,12,Бутырский,14500000
300799595,35.1,2,26,Чертаново Южное,14500000
298834659,37.0,30,31,Нижегородский,14600000
300382180,35.6,4,14,Сокольники,14650000
301036389,44.3,17,19,Можайский,14700000
297267330,35.0,11,12,Таганский,14900000
299726354,39.0,9,17,Зюзино,14800000
298678058,39.0,7,17,Крылатское,14890000
298878638,40.2,24,25,Орехово-Борисово Южное,14900000
293426047,33.2,4,12,Коптево,15000000
298085850,32.8,11,12,Тверской,15000000
300072249,49.1,4,10,Савёлки,15000000
299146321,35.2,4,5,Филевский парк,14999000
299724639,41.9,17,22,Коньково,15400000
298944007,30.3,3,5,Аэропорт,15400000
299396164,35.0,2,12,Сокол,15549000
294632911,35.0,12,15,Раменки,15500000
301102746,33.1,11,12,Басманный,15500000
297903207,38.1,5,15,Рязанский,15899000
300860664,42.0,4,12,Можайский,16000000
300334903,45.9,21,21,Нагатинский затон,15990000
297049321,33.3,13,25,Кунцево,16299000
300824556,40.0,14,17,Таганский,16300000
300574869,38.2,8,14,Фили-Давыдково,16200000
293087275,37.0,4,8,Даниловский,16500000
300789277,35.0,18,24,Хорошево-Мневники,16500000
301257470,37.5,22,26,Лефортово,16490000
301013159,39.0,26,27,Лефортово,16700000
299812975,36.0,3,23,Лефортово,16790000
299846175,41.2,9,19,Котловка,16700000
299050943,34.0,5,6,Соколиная гора,16900000
300690669,38.0,15,24,Гольяново,17000000
299568116,35.3,3,25,Хорошевский,17300000
299675284,47.0,3,25,Кунцево,17500000
297988284,31.9,4,9,Пресненский,17500000
296552934,41.4,3,15,Лефортово,17600000
297729526,35.0,4,6,Даниловский,17800000
300698867,38.9,7,20,Даниловский,17750000
294867977,39.3,19,25,Ломоносовский,17800000
295604284,48.0,4,15,Черемушки,17850000
301088690,38.5,15,18,Таганский,17999999
301064322,38.8,8,9,Раменки,17900000
299024926,38.0,13,15,Беговой,18200000
298561466,36.4,9,14,Даниловский,18200000
295689369,38.5,5,7,Даниловский,18250000
299090011,39.1,2,14,Замоскворечье,18400000
300382146,37.9,18,18,Покровское-Стрешнево,18390000
295544053,39.0,21,29,Даниловский,18500000
301045303,53.1,2,20,Даниловский,18585000
300650666,45.3,8,8,Академический,18500000
298253235,37.7,24,27,Очаково-Матвеевское,18490000
301028633,39.8,15,24,Донской,18500000
299629196,39.3,12,14,Гагаринский,18500000
300546617,40.1,3,10,Покровское-Стрешнево,18500000
298734290,43.2,4,15,Даниловский,18750000
300709673,41.4,7,15,Лефортово,18700000
297541645,42.8,9,15,Даниловский,18700000
296991739,38.0,5,25,Хорошево-Мневники,18999000
298883995,32.8,9,58,Хорошево-Мневники,18900000
300119621,43.4,23,24,Головинский,19000000
300446580,46.0,5,23,Москворечье-Сабурово,19150000
296830598,40.3,8,12,Даниловский,19200000
300591416,51.1,22,25,Нижегородский,19300000
301288516,36.9,6,17,Раменки,19400000
300571753,43.1,9,20,Лефортово,19500000
301199270,51.2,4,16,Коньково,19900000
299614559,39.0,5,25,Щукино,19950000
286709271,45.0,4,26,Раменки,20000000
299697358,40.9,5,14,Люблино,20000000
296477241,63.53,4,11,Щукино,20230244
190497547,46.7,4,17,Богородское,20650000
301045006,38.78,2,20,Даниловский,20990000
300745064,38.0,4,7,Тверской,20990000
301130423,36.1,10,14,Таганский,20900000
299382827,41.0,13,23,Люблино,21100000
299854712,52.0,9,20,Нагатино-Садовники,21500000
300572581,40.0,6,14,Тверской,21500000
299668666,45.6,30,34,Обручевский,21500000
300995772,41.0,25,41,Хорошево-Мневники,21990000
289439918,40.3,15,28,Раменки,22399990
288094235,45.0,5,18,Филевский парк,22550000
297902602,42.9,4,4,Басманный,22990000
288174193,50.0,6,22,Лосиноостровский,23000000
300206025,23.7,1,4,Тверской,23900000
299724774,45.0,5,26,Хорошевский,23700000
296830603,39.9,5,12,Даниловский,24000000
301260637,36.0,29,31,Раменки,24700000
300769980,50.0,7,25,Покровское-Стрешнево,25000000
300245372,31.2,5,9,Хамовники,25000000
300436978,42.0,3,15,Люблино,25000000
300275442,35.0,38,57,Хорошево-Мневники,24990000
301227544,38.0,5,18,Беговой,25600000
300644939,35.4,9,29,Хорошево-Мневники,26550000
301005702,45.0,6,10,Пресненский,28000000
300923610,49.8,12,26,Хорошевский,28100000
283111925,64.5,18,24,Обручевский,28900000
300459829,40.0,6,14,Южное Бутово,800000
300440329,37.8,9,14,Выхино-Жулебино,900000
296830781,34.9,5,16,Черемушки,2200000
298991779,31.6,1,5,Головинский,2250000
295666829,30.6,3,5,Фили-Давыдково,2250000
293269136,38.0,4,17,Митино,2500000
296292436,20.0,4,4,,2600000
300818721,31.0,9,12,Орехово-Борисово Северное,2899000
300427156,56.0,5,5,Богородское,2900000
300707113,35.2,3,14,Савёлки,2900000
298512685,38.6,8,14,Косино-Ухтомский,3500000
299038326,31.1,5,5,,3600000
297962396,39.7,1,27,Хорошево-Мневники,3700000
299958853,36.0,1,12,Северное Тушино,3800000
299570374,19.6,1,5,Очаково-Матвеевское,3800000
290644239,44.0,12,12,Измайлово,3800000
279298831,13.2,2,6,Северное Измайлово,3865000
298683140,17.0,1,2,Вешняки,3900000
299604849,13.0,1,8,Савеловский,3950000
292756404,15.8,1,3,,3990000
299107847,15.0,1,8,Алексеевский,4000000
301259485,32.0,5,5,Рязанский,4000000
298348886,12.0,1,8,Савеловский,4100000
301272886,11.0,1,14,Таганский,4100000
300992697,60.0,2,9,Чертаново Центральное,4100000
299970822,9.0,4,5,Черемушки,4150000
300499891,14.4,1,2,Соколиная гора,4300000
297254800,17.6,4,16,Нижегородский,4350000
300153550,14.3,3,3,Нижегородский,4350000
288413164,11.0,1,9,Сокол,4444444
296757890,46.0,2,5,,4420000
294166110,43.0,3,5,пос. Рогово,4450000
297697989,15.0,3,3,Дмитровский,4500000
301067217,35.0,6,12,Перово,4500000
300934690,17.8,1,5,Хорошевский,4500000
298610436,37.7,7,17,,4500000
301257953,13.0,3,3,Коньково,4600000
298263988,42.3,5,16,Бирюлево Восточное,4750000
298462224,35.4,1,3,,4850000
298544927,35.0,1,3,,4921000
297197260,39.0,4,4,,4980000
300589646,35.8,2,4,Фили-Давыдково,4950000
300788942,20.1,4,5,Марфино,4999999
300710740,20.0,4,5,Марфино,4999999
300611210,16.0,6,7,Южное Бутово,5000000
300062146,34.7,4,12,Таганский,5000000
300153461,19.7,4,5,Марфино,5015000
289694246,32.8,5,12,Зябликово,5000000
300122469,26.2,6,16,,5000000
298790582,15.8,2,8,Савеловский,5050000
299856723,35.1,3,3,,5125000
299849676,36.2,1,3,,5120000
298901365,35.1,2,3,,5112000
301230391,31.0,1,2,,5100000
300668604,19.5,1,5,Марфино,5149999
301302101,15.8,2,8,Савеловский,5150000
300690911,35.5,1,3,,5150000
293971061,16.9,16,16,Ярославский,5180000
292794694,35.5,1,3,,5150000
300667780,20.3,3,5,Марфино,5155000
297040416,18.5,4,16,Ярославский,5200000
298465782,30.2,5,5,с. Кленово,5200000
292204416,18.5,4,16,Ярославский,5200000
296342825,30.0,6,6,Восточное Измайлово,5249999
293859596,20.6,2,5,Марфино,5230000
300111122,22.5,2,16,Отрадное,5250000
294771543,19.0,1,16,Ярославский,5300000
298276318,41.45,1,3,,5350000
292533826,31.0,2,6,Чертаново Северное,5350000
299925901,30.0,5,5,,5390000
301039188,30.9,3,4,,5350000
299730921,30.1,4,4,,5350000
281954303,23.0,1,12,Ивановское,5444000
298277022,41.5,3,3,,5400000
298104527,41.5,3,3,,5400000
299884766,19.8,2,5,Марфино,5445000
298574101,36.1,5,5,,5499000
293983413,16.6,4,4,Левобережный,5478000
286867547,18.0,4,5,Очаково-Матвеевское,5450000
299105794,34.2,12,12,Чертаново Южное,5500000
298901242,45.4,2,3,,5539000
301160669,15.9,4,6,Вешняки,5500000
298465903,37.6,2,3,,5500000
300718061,27.0,4,5,Даниловский,5500000
298554169,45.3,1,3,,5527000
300433015,21.0,1,5,Пресненский,5500000
296573878,35.0,2,3,,5500000
272186797,46.5,11,24,Головинский,21900000
298979500,43.2,8,9,,6600000
299292766,41.3,9,25,,12500000
298758473,38.1,11,12,Северное Медведково,10000000
301035318,45.1,2,9,Царицыно,14999999
301131805,43.1,2,5,Алексеевский,17800000
295931215,70.6,9,25,Крылатское,21286000
301161161,47.0,6,9,Рязанский,13800000
300658098,38.0,8,9,Останкинский,14990000
301037762,44.0,8,9,Головинский,10200000
272003903,43.0,5,6,Беговой,27999000
300136183,40.3,9,9,Алексеевский,15990000
301061455,43.9,2,5,Измайлово,10690000
301150507,40.0,7,9,Останкинский,16300000
300967746,40.0,6,24,Митино,15999000
300696038,52.0,12,12,Орехово-Борисово Северное,14900000
300964449,38.4,20,22,Южное Тушино,14999000
300793238,44.5,3,9,Восточное Дегунино,14800000
301150741,42.0,4,9,Нагатинский затон,15150000
301280744,25.9,4,5,Перово,7690000
301005919,39.3,12,12,Солнцево,7900000
300908137,44.0,9,9,Даниловский,22900000
301149472,40.0,6,9,Тимирязевский,15990000
300700689,37.9,6,12,Северное Медведково,12500000
301233097,39.0,12,12,Северное Медведково,13200000
300523406,61.6,3,4,Тимирязевский,19300000
301080280,69.1,4,8,Сокольники,19099000
301116607,49.7,3,9,Очаково-Матвеевское,14999000
301074818,52.4,15,16,Останкинский,16700000
299561244,53.6,7,16,Тропарево-Никулино,15000000
298825949,55.0,5,9,Кузьминки,13500000
297563187,46.3,10,14,Свиблово,15490000
300623606,58.2,5,25,Некрасовка,15500000
299871569,44.5,5,9,Отрадное,14500000
299059276,51.1,5,17,Останкинский,15100000
300346058,55.0,15,16,Чертаново Центральное,17690000
301271293,45.6,9,9,Чертаново Северное,14600000
298195728,55.1,2,5,Фили-Давыдково,14900000
301031412,65.1,6,9,,17500000
298668459,53.0,9,12,Ивановское,10900000
300515167,53.1,8,9,,15200000
300822574,47.0,5,14,Аэропорт,14700000
301103264,55.0,7,12,Кузьминки,16850000
299066218,48.5,16,17,Хорошево-Мневники,17500000
296783125,42.8,4,5,Новогиреево,11990000
300776288,60.0,3,14,Старое Крюково,13800000
300666982,65.0,3,3,,13900000
299434812,40.0,8,9,Даниловский,15700000
300282463,45.0,4,9,Чертаново Центральное,14700000
300702817,38.2,3,15,Марьина роща,15000000
299111448,60.5,10,18,Зюзино,21000000
300475447,47.0,5,9,Савёлки,9500000
300666704,42.3,5,9,Останкинский,16490000
300813985,64.0,1,3,,7500000
300687069,42.5,3,8,Сокол,17990000
294269317,44.5,7,9,Покровское-Стрешнево,13000000
301168458,55.6,17,18,Кузьминки,19500000
300269596,50.0,4,9,Очаково-Матвеевское,15700000
300614491,54.0,9,16,Тропарево-Никулино,15500000
301178078,58.9,9,10,Таганский,20000000
301057209,45.0,8,9,Коньково,15900000
300431107,45.9,13,14,Басманный,16500000
299496399,38.0,7,9,Черемушки,15500000
300859558,63.1,7,18,Бирюлево Восточное,12100000
300774268,40.0,9,12,Котловка,14990000
301088596,44.0,6,9,Чертаново Центральное,14100000
299166849,41.2,10,17,Раменки,20500000
299917066,64.2,2,6,Даниловский,29500000
299278062,51.3,9,14,Косино-Ухтомский,13000000
298139494,44.5,3,4,Останкинский,11000000
299389518,42.3,2,8,Аэропорт,19400000
300424388,44.8,4,12,Теплый Стан,13500000
300843530,52.8,12,12,,9500000
300134288,37.0,3,9,Кунцево,13430000
297469165,71.0,5,16,Филевский парк,23500000
300948777,48.0,7,9,Кунцево,18400000
300711644,42.6,2,5,Хамовники,29900000
296203976,60.0,6,9,,19200000
300092420,42.0,6,14,Чертаново Северное,14800000
289779311,43.2,3,25,Филевский парк,18500000
298907222,54.8,1,12,Новогиреево,14200000
300734770,53.9,9,17,Южное Тушино,15950000
300354396,49.0,9,30,Хорошево-Мневники,27000000
297951633,49.8,9,30,Хорошево-Мневники,27000000
300840758,36.0,2,9,Алексеевский,14100000
301152856,55.4,16,22,Хорошевский,21500000
300099334,40.8,8,14,Очаково-Матвеевское,14990000
301209198,58.4,5,5,Измайлово,14500000
298273966,68.85,6,12,,10000000
300074472,55.7,6,23,Ярославский,11500000
299518128,56.3,9,9,Филевский парк,19390000
300789381,65.0,10,12,Соколиная гора,22500000
299776975,45.0,4,9,Кузьминки,12990000
300462013,38.0,8,9,Ломоносовский,16990000
300278455,72.3,9,9,,8200000
301029911,47.2,8,12,Таганский,15500000
300590984,58.8,1,6,Таганский,24700000
300136948,45.0,9,9,Ростокино,14490000
300074441,43.0,9,28,Раменки,24500000
300734140,38.0,4,9,Щукино,17400000
299797037,77.0,7,14,Черемушки,26500000
300829352,53.3,6,12,Бибирево,14000000
300790194,79.6,18,30,Можайский,29500000
298984232,39.0,9,9,Южнопортовый,13200000
300753621,33.2,9,9,Северное Тушино,13000000
301266886,45.3,12,26,Покровское-Стрешнево,27000000
300158466,79.5,5,5,Пресненский,29500000
300527651,62.7,2,34,Хорошево-Мневники,29000000
300073351,43.8,3,5,Нижегородский,10300000
299921350,45.0,6,9,Коньково,15700000
290537372,48.7,3,9,Люблино,10200000
300503865,54.7,4,8,Сокол,21900000
300445763,36.6,6,9,Кузьминки,10500000
300248114,55.1,17,18,Западное Дегунино,16500000
297095339,70.0,17,33,Кунцево,26300000
298554181,67.2,1,5,Покровское-Стрешнево,21500000
300591352,59.7,35,37,Раменки,25000000
300479650,45.3,12,26,Покровское-Стрешнево,25000000
298487950,54.5,5,8,Академический,20000000
285616997,43.0,4,8,Хорошевский,15750000
299862540,47.0,8,9,Нагатино-Садовники,16000000
300182986,52.1,17,22,,17100000
298966070,44.4,2,9,Новогиреево,12000000
300146578,46.8,8,12,Котловка,13500000
295092936,38.4,1,14,Бескудниковский,10150000
300108535,44.3,1,9,Северное Тушино,10700000
300478282,40.9,3,8,Южнопортовый,14300000
293819595,40.0,10,12,Можайский,13000000
292233379,51.8,3,12,Северное Тушино,5500000
301251904,37.3,6,9,Черемушки,16200000
298157794,41.0,1,5,Аэропорт,11990000
297249992,61.0,11,17,,14500000
301129802,50.0,7,26,Алексеевский,24999000
298829548,45.0,2,12,Царицыно,11450000
300476400,45.4,5,9,Ломоносовский,17900000
299154733,44.9,11,21,Сокольники,13900000
297720778,54.4,11,21,Хорошево-Мневники,22290000
286258865,56.1,8,27,Лефортово,23300000
300134888,46.6,9,9,Кунцево,15900000
300392847,52.0,12,12,Орехово-Борисово Южное,12550000
294502101,41.0,1,5,Аэропорт,12300000
300707466,57.0,3,5,Можайский,14998888
298752564,57.8,2,17,Отрадное,16500000
298169210,53.1,8,16,Орехово-Борисово Южное,12300000
299698083,48.1,12,12,,10500000
298058278,53.5,16,17,Бирюлево Западное,12950000
292391101,49.9,12,12,Теплый Стан,13700000
294650908,51.0,6,6,Таганский,24000000
298559227,54.1,3,10,Даниловский,22800000
297277055,49.9,8,16,Очаково-Матвеевское,18200000
298841043,46.6,11,17,,14900000
300463375,52.0,4,12,Хорошево-Мневники,15200000
300561341,45.0,6,9,Хорошево-Мневники,13300000
300231956,48.2,3,5,,8500000
300387196,44.7,11,12,Головинский,14500000
297839099,61.4,6,24,Сокол,28000000
299322359,40.9,14,25,Марьино,15490000
300209487,45.0,2,9,Кузьминки,11500000
300841537,44.0,17,17,Печатники,14500000
301233886,45.0,5,9,Можайский,16950000
299853557,44.3,3,9,Тропарево-Никулино,13750000
301109994,44.4,4,9,Чертаново Южное,11500000
301235109,51.0,3,4,Кунцево,15550000
301235150,45.0,4,9,Вешняки,14500000
296801651,44.7,5,8,Донской,14490000
300656537,44.7,2,5,Кузьминки,12000000
298574118,41.0,3,12,,10850000
300020827,65.0,8,22,,18700000
300486607,44.8,1,5,Перово,12400000
300420565,54.0,10,17,Бескудниковский,18900000
301168690,48.2,8,8,Ломоносовский,19000000
300660030,59.0,9,9,Печатники,17200000
301037884,52.0,12,12,Отрадное,14400000
298502665,68.5,18,24,Солнцево,20500000
298002960,41.1,27,41,Раменки,17990000
299507088,40.1,2,3,Тверской,24900000
300268613,40.0,2,22,Покровское-Стрешнево,18380000
297814123,54.0,16,30,Щукино,23900000
300112210,52.6,6,14,Лефортово,18500000
301033529,54.8,17,17,Алтуфьевский,15000000
301106779,45.1,5,5,Перово,12500000
298676131,58.0,22,24,Хорошево-Мневники,22100000
288417350,39.6,2,28,Покровское-Стрешнево,13000000
297256144,42.6,3,49,Хорошево-Мневники,23900000
296383351,64.0,9,11,,16000000
298501611,38.2,8,9,Южнопортовый,14950000
299466286,45.0,4,9,Богородское,12200000
300882352,40.0,5,14,,13300000
299714188,43.9,4,9,Коптево,13300000
299757704,56.0,3,18,Покровское-Стрешнево,22500000
298479278,53.0,9,9,Рязанский,12800000
298942193,60.0,3,18,Бирюлево Восточное,17850000
301039761,53.3,5,12,Лианозово,14200000
301255457,47.6,8,9,Северное Бутово,13750000
299794313,57.6,4,16,Текстильщики,15600000
299890771,38.4,8,12,Останкинский,15400000
301071669,57.6,7,14,,11000000
299856718,52.0,7,17,Солнцево,14825000
300925945,38.0,22,43,Западное Дегунино,16000000
295370894,48.0,6,12,Черемушки,13200000
300368305,42.6,10,42,Котловка,18900000
299674986,58.5,2,22,Перово,16500000
300941905,50.1,4,16,,11700000
294968754,45.0,6,9,Ростокино,15650000
300687883,37.5,7,9,Марфино,15300000
299580417,50.4,3,28,Раменки,26400000
301058205,59.6,20,22,Косино-Ухтомский,15550000
301119076,51.3,17,19,Некрасовка,12300000
301250185,48.0,12,12,Алексеевский,16400000
301292065,42.0,5,9,Южное Тушино,14500000
301302751,41.0,7,9,,15800000
301259458,36.0,3,26,Лефортово,16790000
299849082,49.1,12,18,Останкинский,17500000
299377116,46.0,23,27,Нижегородский,17800000
300344581,52.2,7,9,Текстильщики,13490000
288255306,56.5,9,17,Академический,19789000
299464659,55.5,21,25,Выхино-Жулебино,16000000
301003685,43.8,2,9,Солнцево,12900000
301297467,56.1,2,16,Дмитровский,15500000
300199357,60.2,14,58,Ростокино,21000000
293704749,65.0,4,38,Ростокино,23900000
298320303,70.58,3,21,Сокольники,17500000
295677495,45.2,10,14,Перово,12500000
299768114,53.8,3,17,Бирюлево Восточное,12500000
297401626,44.0,2,9,Лосиноостровский,10300000
298830219,33.9,7,9,Филевский парк,13500000
301276224,53.5,10,14,Марьино,15000000
294664898,54.0,23,25,Люблино,16000000
299798481,39.1,10,12,Северное Измайлово,10950000
300938173,49.5,3,23,Рязанский,15300000
293992671,57.4,8,17,,12000000
300982481,62.8,8,30,Южнопортовый,27350000
299784765,54.6,12,47,Хорошево-Мневники,23900000
293847148,72.0,3,27,Хорошевский,27500000
298227238,69.9,6,32,Хорошево-Мневники,29500000
301234124,54.4,18,21,Даниловский,29000000
298346335,52.7,4,4,,8399999
301229686,70.3,16,18,,15490000
301260555,58.0,13,25,,17290000
298264923,51.4,2,4,Троицк,10200000
296191963,44.4,2,7,Замоскворечье,28990000
292730319,73.2,20,22,Покровское-Стрешнево,24850000
298337821,52.9,16,17,,11900000
299523719,55.0,23,23,Черемушки,15600000
298268474,36.0,15,15,,12200000
300642674,44.9,2,5,Кузьминки,12700000
300522255,58.0,32,33,Западное Дегунино,20899000
301233264,45.0,2,9,Теплый Стан,15600000
298803552,54.0,7,12,Богородское,14800000
299790819,40.0,1,9,Красносельский,22000000
295315263,46.7,3,9,,8300000
295134014,58.0,31,59,Тимирязевский,26200000
301025077,45.0,3,9,Фили-Давыдково,14299000
295316100,61.6,22,42,Филевский парк,27990000
299943744,56.62,3,15,,14200000
300386282,42.3,1,9,Очаково-Матвеевское,14600000
301258381,44.6,1,9,Люблино,9990000
299754804,59.4,1,3,,10800000
299173725,47.4,29,31,Южное Бутово,12460000
300393072,61.5,4,22,Некрасовка,12980000
298565482,37.26,15,21,Хорошевский,15950000
300853753,55.3,4,4,Кунцево,13500000
297468635,64.3,6,16,Даниловский,29200000
297748603,52.0,12,14,Северное Измайлово,13499000
300617244,47.0,11,33,Западное Дегунино,15900000
298169137,53.9,13,22,Богородское,18700000
294082087,46.0,4,5,Алексеевский,13490000
298559075,44.5,5,9,Северное Медведково,15200000
296418852,39.0,11,12,Нагатинский затон,15500000
299223996,56.7,3,9,Северное Тушино,18900000
301023398,51.9,5,18,,17500000
300761908,43.8,3,9,Чертаново Южное,12299999
300737220,50.8,7,14,Выхино-Жулебино,13300000
301124800,57.2,10,17,,13800000
292226828,73.2,8,9,Покровское-Стрешнево,26750000
301139268,66.8,8,17,,15500000
295412249,53.8,8,16,Ясенево,14500000
300858461,45.0,13,17,Алексеевский,26000000
300994437,32.0,2,10,Проспект Вернадского,13500000
298169123,38.0,6,16,,13490000
298217246,40.0,6,16,,13000000
298204732,47.5,9,17,,13150000
300821896,51.0,5,17,Нижегородский,13800000
300104962,62.0,10,24,Можайский,14950000
298195095,59.5,14,19,,13500000
295722812,45.6,8,9,Коптево,12200000
300435235,41.0,6,8,Измайлово,12700000
273859563,37.0,2,10,Ростокино,13700000
300779197,38.4,11,12,Кузьминки,14190000
300868180,52.3,5,12,Зябликово,12400000
299469147,55.6,9,19,,13100000
300723864,45.1,5,9,Гольяново,11000000
295787404,45.0,2,9,Восточное Измайлово,11000000
299509524,37.8,3,12,Нижегородский,11200000
300737758,43.8,2,9,Чертаново Центральное,11500000
299727430,44.7,3,5,Люблино,11600000
300966814,48.2,5,18,Останкинский,11730000
298725493,52.7,6,12,Перово,15500000
296776601,41.0,3,5,Можайский,11950000
301267140,43.0,3,5,Кузьминки,12900000
298705499,55.0,12,12,Косино-Ухтомский,14400000
300342977,53.0,1,25,,11900000
298726692,43.0,5,9,Хорошево-Мневники,15990000
301109885,60.5,11,15,Кунцево,16400000
292772892,73.2,18,22,Покровское-Стрешнево,24600000
300940568,47.7,1,12,Бутырский,13700000
300890818,44.6,4,5,Кузьминки,12500000
299293091,51.0,4,25,Митино,14999000
292544253,39.6,14,17,,9900000
300505215,40.0,6,14,Солнцево,13900000
299399042,54.3,23,25,Люблино,16000000
298264737,58.3,3,3,,9900000
298436420,47.3,1,9,Северное Тушино,10300000
292137172,47.0,11,26,Очаково-Матвеевское,25690000
299457040,45.7,3,9,Богородское,12300000
300062514,52.0,6,24,Черемушки,13150000
299738535,60.5,1,3,,12500000
301003687,35.1,8,25,Кунцево,13050000
300342964,65.7,7,17,,12500000
300592513,43.0,1,9,Зябликово,10500000
300659824,52.0,8,12,Метрогородок,15500000
299601515,40.9,6,8,Измайлово,12699000
300609055,45.5,7,9,Ивановское,10299000
300440179,44.2,2,9,Теплый Стан,12600000
300542057,51.1,2,19,Некрасовка,13800000
298662594,38.0,1,9,Преображенское,10800000
299324934,54.2,3,4,Троицк,12700000
297759977,47.2,7,12,Новогиреево,12700000
292603208,64.4,5,14,,11900000
298277270,60.0,5,9,,10500000
300223179,44.9,4,12,Можайский,14500000
300322032,50.9,7,14,Крюково,14900000
258258419,44.7,3,9,Метрогородок,12490000
297765112,59.6,16,16,,13500000
298038160,58.5,9,14,Южное Бутово,14999900
296629472,46.0,2,9,,14500000
300555837,52.1,12,14,Гольяново,15000000
300179706,58.5,2,9,,12900000
300059360,62.1,4,7,,13350000
301103617,32.0,2,10,Проспект Вернадского,13500000
292772970,58.4,22,25,Некрасовка,14900000
299252205,57.0,3,16,Южное Бутово,15700000
296113061,61.3,1,3,,13500000
300576198,52.0,10,14,Лосиноостровский,16000000
300661005,44.7,2,9,Коньково,13300000
299592414,45.6,5,5,Кузьминки,12500000
296661121,43.1,26,26,Нижегородский,13499000
295812473,38.3,1,14,Беговой,14500000
298199257,45.5,7,9,Ивановское,10300000
300742374,59.0,2,18,Останкинский,13500000
300319011,34.1,1,9,Филевский парк,10500000
293619176,57.7,2,9,,9900000
299294667,41.3,9,25,,12500000
300172251,45.7,6,25,Покровское-Стрешнево,14300000
298760229,55.8,6,18,Бирюлево Восточное,13200000
300944500,44.3,5,9,Орехово-Борисово Южное,12550000
299693850,55.2,9,16,,12500000
300284826,54.0,6,16,,14200000
298393551,50.3,1,16,Восточное Дегунино,12999000
300966811,57.5,2,18,Останкинский,13600000
298760140,45.0,1,9,Ясенево,12680000
298799627,45.0,19,29,Очаково-Матвеевское,16400000
299012342,59.0,12,26,Чертаново Южное,16600000
300444005,50.0,3,4,Соколиная гора,16650000
251412268,56.0,3,12,Митино,16700000
299167474,64.0,11,17,Некрасовка,16700000
299938064,55.6,14,14,Кузьминки,16700000
299111468,54.0,7,7,Бутырский,16800000
297610097,56.6,6,16,,16870000
287708624,57.6,21,24,Метрогородок,16990000
300979509,44.0,9,9,Щукино,16950000
292609670,66.3,4,7,Котловка,17000000
299899829,56.3,5,25,,17000000
301131642,54.0,12,16,Можайский,16950000
299895953,52.3,2,30,Можайский,17000000
298382822,62.2,19,26,Нижегородский,16999000
300186533,46.0,4,12,Савеловский,17200000
300825601,72.9,2,13,,17200000
296506433,50.7,8,24,Можайский,17200000
298882868,79.5,5,45,Бирюлево Восточное,17211750
300832241,55.4,19,31,Нижегородский,17500000
300988068,55.4,19,31,Нижегородский,17500000
300545017,71.0,4,5,Фили-Давыдково,17400000
301186651,55.3,23,24,Бескудниковский,17500000
297948750,62.0,8,25,,17500000
299901814,42.4,4,5,Люблино,17500000
285608077,52.0,16,17,Коньково,17700000
300649339,51.1,12,12,Зюзино,17700000
300172066,58.0,11,25,Покровское-Стрешнево,17800000
296778360,52.0,10,12,Мещанский,17900000
299853615,57.4,10,22,Ярославский,17990000
300752408,73.0,5,20,,18000000
295462972,56.6,15,21,Чертаново Южное,17950000
300960723,53.9,13,15,Бутырский,17900000
300929810,42.8,4,5,Фили-Давыдково,17990000
298989856,57.0,3,16,,17990000
295298480,53.4,12,17,Нагорный,17900000
299856835,57.3,18,22,Ярославский,18440000
293095187,53.8,17,17,Раменки,18300000
300733343,53.1,16,17,Отрадное,18300000
300501831,60.2,22,25,Войковский,18500000
301077253,59.6,12,13,Новогиреево,18500000
301129803,37.7,24,27,Очаково-Матвеевское,18500000
301051512,58.2,17,24,Очаково-Матвеевское,19000000
301109863,58.0,2,19,Кунцево,18900000
300716623,56.4,14,24,Зюзино,19000000
298844641,59.0,19,22,Обручевский,18990000
296314137,53.0,13,17,Нагатинский затон,19000000
300794127,48.6,18,23,Чертаново Южное,19500000
295669985,57.4,10,11,Нижегородский,19500000
300449678,53.4,9,16,Южное Тушино,19750000
296923306,61.0,17,22,Бескудниковский,19700000
300013254,60.2,16,25,,19800000
299595089,45.2,4,8,Красносельский,19990000
300999268,51.3,7,17,Таганский,19800000
294564627,50.5,12,22,Донской,19800000
299967084,45.0,8,20,Покровское-Стрешнево,19800000
299985394,45.0,16,20,Покровское-Стрешнево,19800000
300288891,58.2,25,25,,20350000
296960235,62.4,3,3,Алексеевский,20500000
299432509,78.4,4,6,Измайлово,20500000
299270701,62.2,19,25,Можайский,20500000
301270080,38.9,3,34,Обручевский,20990000
301233313,71.7,6,16,Гольяново,20990000
297532830,45.0,6,8,Пресненский,20880000
299617369,78.7,7,7,Южнопортовый,20990000
298660598,53.0,18,24,Лефортово,21000000
301273973,45.0,3,9,Академический,21300000
300155468,57.1,21,24,Можайский,21500000
292808866,38.0,2,10,Пресненский,21660000
299652366,39.0,17,17,Войковский,21900000
299687287,44.9,7,8,Сокол,21900000
299526673,58.0,2,12,Богородское,22500000
299944236,45.15,4,19,Алексеевский,22500000
300344494,38.0,17,24,Даниловский,22500000
296437093,55.1,1,5,Южное Тушино,22600000
291584973,40.0,6,9,Беговой,22900000
300663253,43.1,22,41,Хорошево-Мневники,22800000
285542196,66.4,6,26,Западное Дегунино,22900000
301084020,57.5,10,26,Лефортово,23500000
295719676,69.0,7,8,Ломоносовский,23490000
299300790,47.5,14,23,Хорошево-Мневники,23500000
297874677,43.0,3,41,Западное Дегунино,23700000
300813354,64.0,15,29,Нижегородский,23800000
301060519,61.0,18,25,Обручевский,23900000
291703959,61.0,2,25,Даниловский,24000000
300770612,56.0,3,27,Хорошевский,24300000
285149970,61.8,18,25,Щукино,24500000
299368217,56.1,7,8,Пресненский,24450000
301183317,69.8,16,17,Ломоносовский,24800000
300866936,40.1,6,9,Пресненский,25000000
301042196,53.1,20,22,Хорошево-Мневники,24900000
298758094,80.0,23,24,Хорошево-Мневники,25000000
299244228,47.0,4,9,Даниловский,24900000
297990129,46.7,2,29,Головинский,25000000
299370205,65.0,2,17,Раменки,25590000
301168869,56.0,2,7,Таганский,25500000
297358942,45.0,2,20,Хорошево-Мневники,25500000
299141046,56.0,2,23,Хорошево-Мневники,25500000
297325651,64.5,33,41,Раменки,25790000
297492465,45.6,11,26,Очаково-Матвеевское,25700000
298802938,55.0,4,22,Щукино,25900000
300269883,62.0,15,20,Алексеевский,25990000
297244904,48.0,8,12,Тверской,26000000
300575899,40.0,14,46,Даниловский,26000000
301045080,56.0,9,26,Лефортово,25950000
300266408,71.5,8,20,Обручевский,26350000
296423747,63.0,5,10,Басманный,26500000
297949772,65.7,6,27,Нагорный,26690000
298536526,60.5,5,21,Хорошево-Мневники,26500000
297593133,100.0,1,4,Сокольники,26500000
298657116,62.7,8,16,Таганский,26800000
300235680,49.8,9,30,Хорошево-Мневники,27000000
301027232,44.4,3,42,Филевский парк,27000000
300142098,54.0,21,24,Хорошево-Мневники,27000000
301229864,69.0,4,40,Даниловский,27450000
298564868,68.3,3,6,Пресненский,27600000
300250542,64.4,17,19,Хорошево-Мневники,28000000
300016363,54.6,15,41,Раменки,27970000
299696623,40.9,5,7,Хамовники,28000000
300477880,52.5,10,12,Таганский,28000000
282724447,52.4,8,24,Свиблово,27800000
300545062,55.0,5,14,Даниловский,28300000
300386935,44.3,10,33,Хорошево-Мневники,28500000
300830730,81.0,9,25,Митино,28500000
297830322,65.0,25,29,Раменки,28600000
300155324,57.8,3,14,Донской,28500000
280701152,56.4,6,19,Хорошево-Мневники,28800000
296267485,63.7,3,20,Алексеевский,28700000
300542685,43.4,5,7,Арбат,28999000
301179351,67.0,3,12,Покровское-Стрешнево,29000000
297677928,49.8,6,22,Красносельский,28990000
295047565,63.0,13,28,Тропарево-Никулино,29000000
298519060,52.0,5,19,Хорошево-Мневники,29200000
299349779,66.3,11,17,Нагатино-Садовники,29000000
299968105,68.0,9,19,Алексеевский,29000000
297037407,67.0,4,18,Нагатинский затон,29500000
281250233,62.0,7,21,Свиблово,29500000
297686814,68.0,14,17,Алексеевский,29990000
298935091,72.7,11,14,Черемушки,29800000
300067196,45.0,4,5,,5700000
296564566,44.3,4,5,,5700000
298036394,37.0,6,7,Южное Бутово,6890000
297593550,43.2,5,5,,7000000
298476279,30.0,3,6,Чертаново Северное,7500000
296710894,45.3,1,5,,7500000
299166358,51.8,2,3,,7500000
295221425,47.3,5,5,,7600000
300510347,52.5,2,3,,8200000
300869323,44.4,9,9,,8300000
300067979,53.2,3,3,,8400000
297903356,46.6,5,8,,8850000
297309017,40.6,4,14,,8999999
298216966,53.6,1,3,,8900000
300484873,33.9,15,27,,9300000
300662115,45.6,1,9,Марьино,9350000
299764810,46.0,5,5,,9500000
296440966,56.1,12,12,,9600000
300054601,38.2,10,12,Гольяново,9700000
296470480,44.0,8,9,Вешняки,9699999
301057354,41.2,23,24,,9800000
281855495,44.0,1,4,Печатники,9800000
294594668,37.4,7,9,Кузьминки,9900000
294453097,45.0,9,9,Вешняки,9950000
299169755,62.0,6,9,,10000000
299453449,44.0,8,9,Дмитровский,10100000
297562053,44.6,4,9,Метрогородок,10100000
300895600,45.0,2,9,Орехово-Борисово Северное,10200000
299631201,44.0,6,25,,10300000
299648689,63.9,3,3,,10300000
300104026,40.7,1,9,Ивановское,10299000
298160362,39.1,4,14,Савёлки,10400000
299636831,54.2,9,14,,10500000
300813772,52.6,1,15,,10500000
301265869,47.3,2,12,Савёлки,10500000
299181278,60.5,3,7,,10500000
300776590,45.0,12,12,Рязанский,10600000
300020395,38.1,8,12,Новогиреево,10600000
297094904,58.0,5,13,,10700000
299243760,45.0,1,5,Восточное Измайлово,10750000
301222010,36.0,14,18,,10899000
300283035,52.0,10,17,,10899990
300427206,45.0,5,9,Бескудниковский,10999999
297772406,56.3,17,17,,10900000
301054954,44.5,8,12,Выхино-Жулебино,10990000
299477612,55.15,6,16,Южное Бутово,10900000
300989858,72.0,14,19,,11000000
301109248,54.0,12,14,Крюково,11000000
298806234,65.0,3,3,,11000000
301052737,44.4,4,9,Зябликово,11000000
298472648,47.4,3,14,Восточное Дегунино,11250000
300057827,38.8,8,9,Северное Медведково,11300000
299970340,46.2,7,23,,11300000
300886855,38.6,12,24,,11350000
301036472,38.5,3,12,Строгино,11400000
300151989,38.8,8,9,Северное Медведково,11300000
301156863,47.0,4,14,Солнцево,11300000
292366766,39.3,5,5,Алексеевский,11350000
300867797,38.3,9,12,Котловка,11500000
296482165,44.5,8,9,Ясенево,11500000
299849732,50.8,9,17,Южное Бутово,11500000
299468868,43.0,2,9,Люблино,11500000
300930025,44.5,12,12,Ярославский,11450000
298751220,38.0,2,12,Северное Медведково,11450000
301037786,36.9,10,16,,11500000
300269965,47.0,9,18,Останкинский,11450000
298980315,44.8,2,9,Орехово-Борисово Северное,11600000
300334511,41.0,7,9,Левобережный,11599999
299268934,43.3,4,5,Хорошево-Мневники,11600000
300424622,47.0,2,9,Коньково,11550000
300638883,43.3,4,5,Хорошево-Мневники,11700000
300799030,51.0,12,22,Силино,11700000
300125641,54.2,2,18,,11700000
300967217,46.9,12,14,Печатники,11800000
292398502,71.4,1,4,Новая Москва,11888888
298481554,37.5,5,9,Можайский,11890000
300741380,44.5,4,9,Вешняки,11999000
301301347,48.5,4,4,,11900000
299963104,52.0,12,22,Некрасовка,11980000
294510839,35.3,4,5,Богородское,11999999
297796650,55.2,7,19,Некрасовка,11999000
300924804,53.3,11,12,Северное Медведково,11990000
295806744,48.2,7,11,Лосиноостровский,11950000
278379374,58.0,4,6,,11900000
301217790,45.0,6,9,Отрадное,11990000
300573143,38.6,8,12,Царицыно,12000000
296748773,44.52,3,9,Можайский,12000000
299255479,52.0,7,14,,12100000
298888514,35.7,5,13,Нагатино-Садовники,12000000
299941696,45.0,8,9,Коньково,12000000
288658096,56.5,7,17,,12150000
298716493,54.0,5,9,,12200000
293809114,37.5,5,10,Даниловский,12200000
300994412,53.1,8,16,Орехово-Борисово Южное,12300000
299564988,51.6,1,16,Лианозово,12400000
300348331,44.0,1,5,Перово,12400000
298736260,52.0,1,12,Бибирево,12490000
297841541,44.0,8,9,Зябликово,12490000
301116538,44.6,4,5,Кузьминки,12500000
296327043,45.5,7,14,Марфино,12600000
301215694,58.7,2,14,Молжаниновский,12500000
280344676,45.5,7,9,Чертаново Северное,12500000
300524790,40.0,1,12,Коптево,12500000
300605149,56.0,2,14,Ново-Переделкино,12680000
300071306,45.4,10,12,Бибирево,12700000
300855957,54.0,10,17,Ново-Переделкино,12700000
300623826,44.6,5,9,Гольяново,12700000
297171976,44.8,9,9,Кузьминки,12700000
299917593,52.1,13,18,Некрасовка,12800000
300122298,46.7,9,12,Южное Тушино,12800000
300642336,31.0,5,17,Останкинский,12800000
301279204,47.8,5,12,Рязанский,12900000
300857897,45.0,5,5,Кунцево,12950000
301065650,39.8,2,9,Гольяново,12900000
299145326,53.0,4,16,Бибирево,12900000
301022522,41.5,4,5,Южное Тушино,13000000
297247458,53.2,4,17,Солнцево,13100000
299561140,37.2,5,9,Аэропорт,13000000
301032427,41.5,4,5,Южное Тушино,13000000
299650130,52.0,1,16,Зябликово,13200000
298093774,37.0,4,12,Царицыно,13250000
300810945,47.0,13,14,Перово,13200000
300606779,50.0,3,7,Северное Измайлово,13200000
299903195,64.0,5,19,,13200000
301254943,38.8,25,25,Люблино,13200000
301074308,40.0,13,18,Богородское,13200000
300744542,60.3,3,16,Можайский,13300000
301247945,54.2,4,16,Южное Бутово,13300000
300749835,53.5,1,17,Митино,13300000
296565248,53.5,2,14,Южное Бутово,13300000
300183834,46.0,7,9,Перово,13300000
301030146,36.33,4,28,Богородское,13300000
299615044,59.8,10,17,,13500000
297233107,58.0,22,23,,13500000
295267562,46.7,7,13,,13450000
300865618,67.0,1,6,Лефортово,13500000
300236165,46.8,4,12,Чертаново Южное,13500000
299183582,52.0,14,16,Чертаново Южное,13400000
299596557,43.2,4,5,Коптево,13500000
299686686,45.1,12,14,Ховрино,13500000
301275454,56.0,17,17,,13500000
281157343,42.0,7,13,Можайский,13500000
300278308,60.28,2,16,,13650000
300613032,44.8,7,9,Бибирево,13700000
301101427,54.0,10,10,Марьино,13700000
300654085,58.6,19,25,Некрасовка,13900000
300951496,50.0,7,23,Южное Бутово,13900000
295598109,60.0,2,6,Лефортово,13800000
300828716,42.0,8,9,Можайский,14000000
299325364,56.62,3,15,,14000000
298146512,44.8,7,9,Войковский,14000000
295295281,54.0,1,14,Выхино-Жулебино,14000000
298922909,48.0,20,22,Косино-Ухтомский,13999999
297479264,42.5,2,5,Бутырский,14000000
296444926,49.1,2,5,Измайлово,13990000
300829889,54.8,15,24,Бирюлево Восточное,13990000
298756795,53.5,11,12,Нагатино-Садовники,14150000
301245254,46.1,8,25,Покровское-Стрешнево,14100000
301204794,70.5,2,10,,14200000
294473072,61.7,8,24,Митино,14200000
299185600,60.2,10,16,Южное Бутово,14200000
297037714,42.8,3,5,Можайский,14350000
301221439,37.0,5,9,Раменки,14350000
300619329,40.3,2,9,Коптево,14290000
297842892,56.6,4,5,Можайский,14300000
300833862,63.7,7,17,Северный,14350000
291641709,52.0,2,17,Чертаново Южное,14400000
300197675,45.7,2,12,Чертаново Южное,14500000
298897982,45.0,12,12,Головинский,14500000
293433298,68.7,5,17,,14500000
298819612,47.9,2,9,Даниловский,14500000
300810809,70.2,10,10,,14490000
301084998,44.2,4,9,Таганский,14500000
301122795,41.0,5,12,Котловка,14490000
299862460,49.5,18,23,Южное Бутово,14450000
300470315,50.7,9,9,Очаково-Матвеевское,14750000
301058538,48.2,1,12,Таганский,14700000
300109245,34.0,3,9,Щукино,14700000
299070039,44.4,1,5,Царицыно,14800000
300918615,40.0,13,14,Коньково,14800000
298919872,70.0,2,17,,14900000
298689196,69.1,5,18,,14800000
298228405,55.0,5,12,Марьино,14900000
301301365,57.0,17,22,Северный,14900000
298850916,61.5,12,12,,14800000
301100950,51.7,4,12,Ярославский,14850000
297472637,58.0,2,12,Матушкино,14900000
299163936,61.2,19,24,Косино-Ухтомский,15000000
300206840,66.0,2,14,,15000000
299765157,55.5,1,4,Хорошево-Мневники,15000000
301019439,52.5,6,14,Гольяново,14990000
300962495,41.6,3,9,Нагатино-Садовники,15000000
300248146,45.1,6,9,Очаково-Матвеевское,14999999
294213944,43.7,26,30,Можайский,15200000
298803403,53.0,15,16,Бибирево,15200000
300253528,48.0,1,12,Алексеевский,15200000
301085014,40.0,3,9,Ростокино,15200000
294519080,53.6,4,14,Коптево,15100000
299696092,60.0,4,16,Люблино,15399999
270581305,59.2,1,16,Чертаново Центральное,15250000
300617541,37.0,2,9,Черемушки,15290000
299372883,36.0,13,25,Бабушкинский,15299000
301151678,44.0,9,10,,15500000
299591930,53.3,11,16,Строгино,15500000
299325584,50.8,13,16,Строгино,15500000
301017205,42.0,7,9,Ломоносовский,15500000
301084925,51.3,10,17,Перово,15500000
301129585,53.9,16,16,Ясенево,15500000
300601659,54.0,6,9,Отрадное,15500000
301244328,60.0,16,17,,15450000
300353447,51.1,6,17,Бабушкинский,15550000
300552142,50.1,3,16,Нижегородский,15550000
300565552,39.8,4,21,Марьино,15600000
300912990,49.2,4,18,Останкинский,15700000
301167550,55.0,16,21,Северное Измайлово,15850000
289680467,44.0,4,5,Аэропорт,15800000
300900545,45.0,5,5,Савеловский,15870000
299541217,70.0,9,9,,15999999
300444900,44.4,9,12,Северное Медведково,16000000
299027484,58.2,13,16,Дмитровский,15900000
298732835,44.7,9,9,Соколиная гора,15900000
301251355,53.7,3,17,Тропарево-Никулино,15990000
301111100,59.4,3,10,,15990000
298170155,46.4,11,25,Солнцево,16000000
300474914,53.0,8,14,Теплый Стан,15900000
300221936,47.0,11,33,Западное Дегунино,15990000
297160880,63.0,10,24,Бирюлево Восточное,16190000
298920780,52.0,7,13,Бескудниковский,16250000
297418762,46.7,8,8,Ломоносовский,16300000
299800700,61.6,4,5,Перово,16250000
300740040,37.1,9,9,Раменки,16300000
299947006,43.3,3,9,Свиблово,16300000
300162005,35.0,9,9,Даниловский,16300000
301148027,42.5,4,5,Головинский,16200000
300981837,44.7,9,12,Можайский,16500000
301140419,58.3,19,25,,16400000
299107562,41.0,9,9,Марьина роща,16550000
301156935,54.0,10,17,Нагорный,16600000
298870231,38.3,9,12,Пресненский,16700000
300309625,48.6,6,33,Метрогородок,16700000
299110671,65.4,8,16,Очаково-Матвеевское,16700000
296689444,74.0,14,14,,16800000
300879706,65.03,6,14,,16900000
301263725,52.0,2,17,Свиблово,16900000
301249609,51.4,7,25,Хорошево-Мневники,16990000
300928269,60.0,5,17,Чертаново Северное,17000000
301187614,55.0,16,17,Выхино-Жулебино,16900000
300774365,60.0,5,17,Чертаново Северное,17000000
299619523,57.2,9,23,Богородское,16950000
300775334,60.3,10,17,Косино-Ухтомский,16900000
300828564,41.4,2,5,Филевский парк,16900000
295227275,57.3,1,9,Савеловский,16990000
301036070,40.0,3,9,Останкинский,16900000
298202613,58.3,10,16,,17050000
300142526,72.0,16,24,Бирюлево Восточное,17390000
300568783,52.0,2,18,Бескудниковский,17298000
300197601,57.5,30,30,Рязанский,17350000
296445679,56.0,13,26,,17300000
301304851,62.0,2,23,Рязанский,17500000
301220867,57.2,5,17,Коптево,17400000
300756463,50.0,9,12,Строгино,17500000
299415722,55.2,11,25,Обручевский,17500000
300389524,60.0,1,5,Таганский,17500000
301165367,43.0,3,5,Алексеевский,17500000
298839191,72.3,7,12,Косино-Ухтомский,17500000
298095035,49.1,2,9,Даниловский,17650000
297412548,57.5,7,17,Люблино,17550000
300439981,57.0,3,25,,17600000
300747383,42.0,9,18,Щукино,17800000
298975825,57.7,3,3,,17800000
301112062,43.7,3,5,Останкинский,18000000
296209444,34.9,2,5,Мещанский,18000000
297406491,55.0,14,14,Очаково-Матвеевское,18000000
301060467,49.0,23,33,Метрогородок,17990000
293744183,36.6,1,5,Хамовники,18000000
297848096,52.1,2,12,Южное Тушино,18000000
301304698,49.0,27,33,Нижегородский,17990000
300667699,56.0,1,14,Коптево,17900000
300504155,50.3,7,16,Хорошево-Мневники,18000000
301023848,58.2,2,17,Раменки,18000000
300640451,58.8,16,24,Перово,18200000
299905105,53.7,6,14,Головинский,18100000
300398287,53.3,12,16,Строгино,18105100
284528253,59.0,2,19,Чертаново Северное,18300000
300744222,70.0,7,12,Косино-Ухтомский,18400000
300032408,40.6,11,16,Даниловский,18500000
299924004,38.3,7,21,Хорошевский,18500000
297903197,37.7,8,9,Даниловский,18600000
298726841,47.7,3,9,Даниловский,18504000
299208998,48.4,3,20,Останкинский,18500000
300648102,63.2,3,5,Восточное Измайлово,18500000
301074555,60.4,2,12,Бабушкинский,18500000
301202479,40.1,17,25,Хорошево-Мневники,18500000
299982265,44.7,3,22,Хорошевский,18700000
261225387,65.4,13,17,,18700000
300500017,50.2,26,26,Кунцево,18990000
300528739,49.1,17,18,Останкинский,18900000
300709919,53.1,7,17,Нагатино-Садовники,18900000
300428385,53.3,4,8,Даниловский,19000000
300654584,57.0,3,6,Преображенское,19300000
300418102,60.0,6,17,Кунцево,19500000
299068142,50.0,18,27,Алексеевский,19500000
300499251,60.9,15,28,Покровское-Стрешнево,19400000
300229688,53.9,12,17,Хорошевский,19500000
298946156,42.0,2,5,Раменки,19500000
296741786,50.5,27,44,Западное Дегунино,19700000
301192997,61.0,10,25,Обручевский,19900000
299965424,58.0,8,15,Южное Медведково,19999000
299615213,39.0,5,25,Щукино,19980000
301085834,51.3,5,14,Тимирязевский,19900000
301089239,64.1,16,22,,20000000
300949682,56.8,18,29,Очаково-Матвеевское,20500000
300984536,56.8,18,31,Очаково-Матвеевское,20448000
301184648,48.0,4,8,Раменки,20500000
301162195,43.4,17,22,Щукино,20500000
301080406,43.6,16,30,Богородское,20900000
299203175,35.0,6,27,Нагорный,20950000
300336408,50.5,9,12,Аэропорт,21000000
297120304,59.0,12,19,Отрадное,21000000
299963406,43.0,4,8,Даниловский,21000000
298707597,45.5,5,8,Красносельский,21000000
296477468,59.58,4,11,Щукино,21319625
299950659,53.0,2,17,Академический,21300000
297202356,55.0,16,33,Нагатино-Садовники,21300000
298662405,62.3,2,8,,21600000
301142627,57.0,17,18,Кунцево,21500000
301024984,51.0,8,17,Черемушки,21500000
295320468,96.9,1,4,Таганский,21800000
300162555,61.2,3,21,Филевский парк,22000000
299248131,46.0,5,29,Головинский,22000000
299187970,47.5,4,34,Обручевский,21950000
300875952,59.3,6,10,Останкинский,22000000
300575681,37.0,7,8,Даниловский,21980000
296513023,52.7,2,5,Даниловский,21900000
298802622,46.0,20,22,Хорошевский,22000000
301016804,60.0,14,21,Ломоносовский,22500000
295903328,78.0,37,40,Ховрино,22300000
293428779,61.7,3,9,Ломоносовский,22450000
301012696,64.6,17,18,Тропарево-Никулино,22300000
298895808,42.2,5,42,Котловка,22500000
300531670,55.0,14,22,Кунцево,22500000
299613035,70.4,2,24,Северное Тушино,22600000
296563284,55.25,2,5,Южное Тушино,22600000
301089433,38.0,20,20,Филевский парк,22685000
300872538,59.4,20,31,Ховрино,22900000
301012407,41.4,5,12,Якиманка,22800000
291296668,46.0,10,31,Филевский парк,23200000
300263028,39.5,2,4,Арбат,23000000
301011643,71.0,13,15,Очаково-Матвеевское,23000000
300316259,53.0,22,24,Дмитровский,23000000
300271880,70.0,14,17,Ломоносовский,23400000
300034883,69.8,6,25,Фили-Давыдково,23300000
297457433,53.0,10,16,Даниловский,23250000
299141032,54.0,10,18,Раменки,23250000
300936752,57.5,10,26,Лефортово,23500000
300984806,60.0,8,8,,23500000
300392188,65.6,15,33,Дмитровский,23500000
300029184,47.0,10,15,Хорошевский,23900000
299297359,50.0,4,5,Аэропорт,23800000
297901346,70.0,6,21,Филевский парк,24000000
293132252,62.0,23,28,Покровское-Стрешнево,24000000
298547721,62.0,10,22,Ярославский,23990000
299842687,50.5,4,5,Беговой,24000000
298517109,53.0,12,22,Щукино,24000000
300948109,62.3,6,17,Останкинский,24000000
297903443,49.3,8,28,Филевский парк,24300000
300009107,57.0,2,9,Пресненский,24300000
299885862,43.5,7,8,Хамовники,24500000
299758684,59.1,2,22,Кунцево,24500000
300301784,57.0,7,8,Пресненский,24450000
301255293,74.0,2,17,Свиблово,24500000
300748577,64.0,4,17,Черемушки,24700000
300218637,63.2,8,16,Аэропорт,24800000
299125015,68.4,6,25,Филевский парк,24800000
300158363,46.0,11,22,Хорошевский,25000000
300116445,55.0,17,29,Хорошевский,24900000
298836589,49.7,8,42,Хорошево-Мневники,24900000
299899855,68.5,21,30,Южнопортовый,25000000
301252732,70.4,17,17,Хорошевский,25000000
297941141,60.0,5,9,Богородское,24990000
301260635,64.0,24,37,Хорошевский,24900000
300742288,60.0,20,37,Раменки,24990000
299522606,70.0,13,25,Москворечье-Сабурово,24999999
299520473,40.0,6,12,Арбат,25000000
299716601,56.0,5,17,Кунцево,24900000
290498818,55.6,13,24,Савеловский,25500000
298113842,50.0,16,33,Хорошево-Мневники,25400000
296189151,52.9,3,16,Сокольники,25778469
301084073,71.6,13,23,Южное Бутово,25900000
301133348,37.0,13,48,Даниловский,25900000
299117204,57.0,8,8,Ломоносовский,25700000
300917118,61.2,4,47,Бутырский,26000000
298874180,64.4,8,8,Замоскворечье,26000000
286012661,50.0,11,20,Филевский парк,26400000
300711484,50.0,10,20,Левобережный,26500000
301040338,55.2,15,24,Тропарево-Никулино,26500000
301028335,62.8,5,10,Басманный,26500000
300511201,57.0,2,12,Кунцево,26550000
301179673,60.5,5,21,Хорошево-Мневники,26500000
300888842,54.0,6,9,Замоскворечье,26990000
300252608,67.33,19,22,Черемушки,26865000
300596715,52.0,12,12,Даниловский,26800000
300506281,50.3,11,20,Хорошево-Мневники,26700000
300622362,47.0,8,9,Тверской,27200000
301184193,72.0,7,25,Раменки,27500000
301168955,44.8,5,9,Дорогомилово,27500000
285582701,54.8,2,8,Хамовники,27450000
296473523,49.3,4,19,Щукино,27931636
299027332,68.8,32,33,Кунцево,28000000
301262247,48.0,18,41,Раменки,27990000
299284690,50.0,7,15,Красносельский,28000000
296904237,45.0,6,10,Пресненский,28000000
301136641,70.6,10,12,Текстильщики,28000000
300300975,45.0,6,12,Замоскворечье,28000000
301215861,66.3,28,36,Хорошево-Мневники,28500000
298375248,122.7,7,8,Южное Бутово,28500000
301114604,52.0,24,36,Раменки,28500000
299324414,60.0,38,40,Даниловский,28800000
300235601,60.2,6,12,Хорошево-Мневники,20650000
301187444,63.0,5,10,Южное Бутово,13950000
300467755,56.0,3,5,Аэропорт,20500000
301150247,62.0,2,9,Строгино,20000000
300818798,75.0,2,20,Академический,28900000
295928263,95.5,11,24,Крылатское,26394000
301110099,60.0,1,9,Ярославский,11500000
299690400,60.0,16,24,,18650000
301200484,57.5,3,9,Вешняки,13599000
300484949,64.0,2,5,,12900000
300790349,61.3,2,7,Беговой,24999999
301121883,79.2,2,14,Бабушкинский,28850000
301088105,62.0,4,8,Ломоносовский,29950000
300966795,67.0,4,5,Останкинский,19500000
300346570,72.8,2,25,Зюзино,24600000
299495945,68.5,4,6,Басманный,22990000
300881223,75.0,1,17,Митино,15000000
300712423,60.0,5,9,Царицыно,17500000
299492949,65.7,8,12,Раменки,24290000
300640756,47.0,5,6,Мещанский,19000000
300867156,67.0,4,5,Останкинский,19500000
299938830,62.7,10,12,Таганский,23982750
301077435,59.0,9,9,Печатники,17250000
299549331,90.0,2,22,Южное Бутово,17000000
301205588,62.2,8,9,Выхино-Жулебино,15200000
299842929,75.8,5,20,Нагатинский затон,22950000
299889344,71.0,9,17,Новокосино,17200000
298845375,67.5,4,9,Бутырский,21000000
297805684,57.8,4,9,Теплый Стан,14750000
300290059,60.0,4,9,Теплый Стан,18300000
298172998,68.1,2,24,Хорошево-Мневники,23900000
296559364,75.5,3,22,Северное Тушино,21500000
300527453,82.0,8,9,Южное Бутово,20800000
300711615,57.6,8,8,Пресненский,29900000
301024064,79.3,23,29,Очаково-Матвеевское,29999999
301039764,64.8,2,5,Головинский,19500000
296898956,68.8,12,12,Фили-Давыдково,29900000
292752282,60.5,6,10,Якиманка,23700000
300288822,67.0,2,7,Алексеевский,20900000
301241406,72.8,8,9,Гагаринский,29950000
297881966,62.7,2,12,Бутырский,16300000
294206662,77.0,11,22,Марфино,27990000
299331284,57.7,6,9,Преображенское,15700000
301053709,73.0,8,22,Раменки,22300000
301260548,83.0,2,13,Войковский,29990000
298169367,66.5,2,5,Южнопортовый,22000000
300083725,92.3,2,33,Южное Бутово,22200000
298990040,60.5,8,9,Люблино,13249000
298927786,90.0,5,12,,22450000
300857207,79.0,13,19,Чертаново Южное,23450000
298623473,54.8,9,9,Аэропорт,17720000
298346378,78.0,2,35,Останкинский,27000000
299964126,79.0,13,14,Текстильщики,28500000
296751936,76.1,7,47,Хорошево-Мневники,27000000
299573059,70.5,3,8,Раменки,26990000
299425957,77.4,15,16,,17500000
291312183,60.0,6,9,Фили-Давыдково,17500000
285287486,74.4,1,8,Дорогомилово,27500000
301153041,80.5,19,24,Метрогородок,25000000
300819799,67.0,21,23,Бутырский,28700000
284287955,83.3,1,4,Северный,27400000
300568982,62.8,11,12,Зюзино,17500000
282555064,70.0,2,18,Беговой,29950000
296403266,62.0,2,4,Марьина роща,24300000
301266281,75.6,3,19,Нагатинский затон,28900000
300108845,83.0,22,22,Ярославский,25700000
300273691,75.0,14,16,Можайский,22900000
296210557,58.7,5,9,Бибирево,13000000
298879818,64.7,14,16,Донской,20300000
301294321,59.5,7,9,Кунцево,22900000
300024896,53.4,1,5,Внуково,13500000
296307746,76.0,7,17,,13000000
300592453,57.0,6,10,Раменки,19270000
299166516,78.0,14,14,Некрасовка,16800000
294928648,59.0,4,9,Чертаново Центральное,15600000
300376052,69.4,24,24,Донской,29500000
298678425,64.6,11,12,Нагорный,18300000
300821065,75.0,5,14,Марфино,29000000
301065023,86.0,7,14,,15650000
297901296,76.0,20,20,,19000000
299218154,58.7,7,9,Кузьминки,15000000
286850576,58.0,5,22,Хорошевский,24700000
300982113,66.7,15,23,Москворечье-Сабурово,28750000
300209511,75.0,14,16,Можайский,22900000
293454410,73.0,5,5,Можайский,18500000
298969699,62.6,1,14,Вешняки,13900000
297078420,70.0,3,20,Даниловский,28400000
300909618,80.0,19,24,Метрогородок,24500000
301160012,59.0,14,25,Кунцево,21770000
300527312,81.6,5,8,,15900000
300865007,61.8,2,4,Марьина роща,23480000
300563124,63.0,22,22,Ярославский,24200000
300731032,78.8,16,22,Марфино,29000000
300290083,68.0,3,15,Покровское-Стрешнево,28500000
298225530,52.0,11,17,,17000000
297718196,83.6,4,23,,17500000
299698539,62.2,15,22,Щукино,17900000
299672279,77.0,12,14,Марфино,28000000
298169204,81.1,9,17,,17400000
297597483,75.8,5,5,Даниловский,22900000
295093036,70.2,26,35,Останкинский,29950000
295677500,58.3,15,26,Нижегородский,18450000
300301424,73.2,11,20,Лефортово,29000000
300683250,50.0,3,9,Ясенево,12699000
301136385,56.1,7,9,Гольяново,15499000
298264376,64.7,10,14,,17900000
300830548,85.0,3,16,,18640000
299595531,54.7,3,5,Хорошево-Мневники,18500000
298297481,72.0,14,21,,18900000
295677576,57.3,3,9,Богородское,20000000
300567872,72.0,12,26,Головинский,21900000
298879602,58.6,6,44,Западное Дегунино,22300000
295722618,77.2,17,22,Соколиная гора,24600000
299116581,78.0,7,9,Сокол,25000000
300370239,65.0,1,15,,10900000
301272483,105.0,4,4,,11499000
300938550,53.4,11,25,,12222222
301206112,55.0,20,23,,12300000
301186652,50.6,14,15,,12400000
300341586,58.3,8,9,Лосиноостровский,12490000
299103415,56.0,9,9,Ивановское,12500000
301032221,57.3,2,9,Южное Бутово,12500000
294864286,66.0,7,12,,12500000
300099663,58.3,2,9,Чертаново Южное,12700000
301010865,54.0,2,16,Можайский,12990000
299992195,73.5,4,17,Некрасовка,13250000
299290433,60.0,2,9,Орехово-Борисово Северное,13500000
297679013,58.4,8,9,Ярославский,13400000
300671448,63.4,12,14,Бирюлево Западное,13500000
297363663,53.0,1,5,Академический,13700000
299615480,58.3,6,9,Бирюлево Западное,14000000
294371181,60.1,7,14,,14100000
300472732,61.4,2,12,Бибирево,14300000
